Report Type,Taxonomy ID (Long Format),Item Name (VI),Unified UI Column,VCI Old Key,MAS Old Key,KBS Old Key
balance_sheet,BS_CASH_AND_PRECIOUS_METALS,Tiền và các khoản tương đương tiền,tien_va_cac_khoan_tuong_duong_tien,tien_va_cac_khoan_tuong_duong_tien,i_cash_gold_and_silver_precious_stones,i_cash_gold_and_silver_precious_stones | 1_cash_and_cash_equivalents | i_cash_and_cash_equivalents
balance_sheet,BS_FIXED_ASSETS,Tài sản cố định,fixed_assets,tai_san_co_dinh,x_fixed_assets | ix_fixed_assets | ii_fixed_assets,x_fixed_assets | ii_fixed_assets
balance_sheet,BS_TANGIBLE_FIXED_ASSETS,Tài sản cố định hữu hình,tangible_fixed_assets,tai_san_co_dinh_huu_hinh,1_tangible_fixed_assets,1_tangible_fixed_assets
balance_sheet,BS_TANGIBLE_FIXED_ASSETS_COST,Nguyên giá,nguyen_gia,nguyen_gia,a_cost | cost,a_cost | cost
balance_sheet,BS_TANGIBLE_FIXED_ASSETS_ACCUMULATED_DEPRECIATION,Giá trị hao mòn luỹ kế,gia_tri_hao_mon_luy_ke,gia_tri_hao_mon_luy_ke,b_accumulated_depreciation | accumulated_depreciation,b_accumulated_depreciation | accumulated_depreciation
balance_sheet,BS_FINANCE_LEASE_FIXED_ASSETS,Tài sản cố định thuê tài chính,tai_san_co_dinh_thue_tai_chinh,tai_san_co_dinh_thue_tai_chinh,,2_financial_leased_fixed_assets
balance_sheet,BS_FINANCE_LEASE_FIXED_ASSETS_COST,Nguyên giá,nguyen_gia,nguyen_gia,,
balance_sheet,BS_FINANCE_LEASE_FIXED_ASSETS_ACCUMULATED_DEPRECIATION,Giá trị hao mòn luỹ kế,gia_tri_hao_mon_luy_ke,gia_tri_hao_mon_luy_ke,,
balance_sheet,BS_INTANGIBLE_FIXED_ASSETS,Tài sản cố định vô hình,intangible_fixed_assets,tai_san_co_dinh_vo_hinh,3_intangible_fixed_assets,3_intangible_fixed_assets
balance_sheet,BS_INTANGIBLE_FIXED_ASSETS_COST,Nguyên giá,nguyen_gia,nguyen_gia,,
balance_sheet,BS_INTANGIBLE_FIXED_ASSETS_ACCUMULATED_DEPRECIATION,Giá trị hao mòn luỹ kế,gia_tri_hao_mon_luy_ke,gia_tri_hao_mon_luy_ke,,
balance_sheet,BS_INVESTMENT_PROPERTIES,Bất động sản đầu tư,investment_properties,bat_dong_san_dau_tu,xi_investment_properties | x_investment_properties | iii_investment_property | iii_investment_properties | iv_investment_properties,xi_investment_properties | iii_investment_properties | iv_investment_properties
balance_sheet,BS_INVESTMENT_PROPERTIES_COST,Nguyên giá,nguyen_gia,nguyen_gia,,
balance_sheet,BS_INVESTMENT_PROPERTIES_ACCUMULATED_DEPRECIATION,Giá trị hao mòn luỹ kế,gia_tri_hao_mon_luy_ke,gia_tri_hao_mon_luy_ke,,
balance_sheet,BS_LONG_TERM_INVESTMENTS,"Góp vốn, đầu tư dài hạn",gop_von_dau_tu_dai_han,gop_von_dau_tu_dai_han,ix_capital_contribution_and_other_long_term_investments | viii_capital_contribution_and_other_long_term_investments,ix_capital_contribution_and_other_long_term_investments | 2_long_term_investments | iv_long_term_investments | vi_long_term_financial_investments
balance_sheet,BS_INVESTMENTS_IN_JOINT_VENTURES,Đầu tư vào công ty liên doanh,dau_tu_vao_cong_ty_lien_doanh,dau_tu_vao_cong_ty_lien_doanh,2_investments_in_associates_joint_ventures | 2_3_investments_in_associates_joint_ventures,2_investments_in_associates_joint_ventures | 2_3_investments_in_associates_joint_ventures
balance_sheet,BS_OTHER_LONG_TERM_INVESTMENTS,Đầu tư dài hạn khác,other_long_term_investments,dau_tu_dai_han_khac,,3_other_long_term_investments | 2_5_other_long_term_investments | 3_investments_in_other_entities
balance_sheet,BS_PROVISION_LONG_TERM_INVESTMENTS,Dự phòng giảm giá đầu tư dài hạn,du_phong_giam_gia_dau_tu_dai_han,du_phong_giam_gia_dau_tu_dai_han,4_allowance_for_long_term_investment_loss_in_other_entities,4_provision_for_diminution_in_value_of_long_term_investments | 4_allowance_for_long_term_investment_loss_in_other_entities
balance_sheet,BS_TOTAL_ASSETS,TỔNG CỘNG TÀI SẢN,total_assets,tong_cong_tai_san,total_assets,total_assets | total_owner_s_equity_and_liabilities
balance_sheet,BS_TOTAL_LIABILITIES,TỔNG NỢ PHẢI TRẢ,tong_no_phai_tra,tong_no_phai_tra,total_liabilities | a_liabilities | c_liabilities,total_liabilities | a_liabilities | c_liabilities
balance_sheet,BS_EQUITY,VỐN CHỦ SỞ HỮU,von_chu_so_huu,von_chu_so_huu,b_owner_s_equity_400_410_420,viii_capital_and_reserves | b_owner_s_equity_400_410_420 | i_owner_s_equity | d_owner_s_equity
balance_sheet,BS_CHARTER_CAPITAL,Vốn điều lệ,von_dieu_le,von_dieu_le,a_charter_capital | 1_1_capital_from_owners | 1_capital_from_owners | 1_owner_s_capital,a_charter_capital | 1_1_capital_from_owners | common_stock_with_voting_right | 1_owner_s_capital
balance_sheet,BS_SHARE_PREMIUM,Thặng dư vốn cổ phần,share_premium,thang_du_von_co_phan,c_share_premium | 1_2_share_premium | 2_share_premium,c_share_premium | 1_2_share_premium | 2_share_premium
balance_sheet,BS_OTHER_CAPITAL,Vốn khác,von_khac,von_khac,g_other_capital,g_other_capital | 4_treasury_shares | 4_other_capital_of_owners
balance_sheet,BS_TREASURY_SHARES,Cổ phiếu quỹ,treasury_shares,co_phieu_quy,d_treasury_shares | 1_5_treasury_shares | 4_treasury_shares | 5_treasury_shares,1_5_treasury_shares | 4_treasury_shares | 5_treasury_shares
balance_sheet,BS_ASSET_REVALUATION_DIFFERENCES,Chênh lệch đánh giá lại tài sản,chenh_lech_danh_gia_lai_tai_san,chenh_lech_danh_gia_lai_tai_san,4_assets_revaluation_differences | 2_assets_revaluation_differences | 5_assets_revaluation_differences | 6_assets_revaluation_differences,2_assets_revaluation_differences | 6_assets_revaluation_differences
balance_sheet,BS_FOREIGN_EXCHANGE_DIFFERENCES,Chênh lệch tỷ giá hối đoái,foreign_exchange_differences,chenh_lech_ty_gia_hoi_doai,3_foreign_exchange_differences | 6_foreign_exchange_differences | 7_foreign_exchange_differences,3_foreign_exchange_differences | 6_foreign_exchange_differences | 7_foreign_exchange_differences
balance_sheet,BS_RETAINED_EARNINGS,Lợi nhuận sau thuế chưa phân phối,loi_nhuan_sau_thue_chua_phan_phoi,loi_nhuan_sau_thue_chua_phan_phoi,5_undistributed_earnings_after_tax_accumulated_loss | 7_undistributed_earnings_after_tax | 11_undistributed_earnings_after_tax | 10_undistributed_earnings_after_tax,5_undistributed_earnings_after_tax_accumulated_loss | 7_undistributed_earnings_after_tax | 11_undistributed_earnings_after_tax | 10_undistributed_earnings_after_tax
balance_sheet,BS_TOTAL_LIABILITIES_AND_EQUITY,TỔNG CỘNG NGUỒN VỐN,tong_cong_nguon_von,tong_cong_nguon_von,,total_assets | total_owner_s_equity_and_liabilities
balance_sheet,BS_BALANCES_WITH_SBV,Tiền gửi tại Ngân hàng nhà nước Việt Nam,tien_gui_tai_ngan_hang_nha_nuoc_viet_nam,tien_gui_tai_ngan_hang_nha_nuoc_viet_nam,,ii_balances_with_the_state_bank_of_vietnam
balance_sheet,BS_PLACEMENTS_AND_LOANS_TO_CREDIT_INSTITUTIONS,Tiền gửi tại các TCTD khác và cho vay các TCTD khác,tien_gui_tai_cac_tctd_khac_va_cho_vay_cac_tctd_khac,tien_gui_tai_cac_tctd_khac_va_cho_vay_cac_tctd_khac,iii_placements_at_and_loans_to_other_credit_institutions,iii_placements_at_and_loans_to_other_credit_institutions
balance_sheet,BS_TRADING_SECURITIES,Chứng khoán kinh doanh,trading_securities,chung_khoan_kinh_doanh,,iv_trading_securities
balance_sheet,BS_TRADING_SECURITIES_GROSS,Chứng khoán kinh doanh,chung_khoan_kinh_doanh,chung_khoan_kinh_doanh,,1_trading_securities
balance_sheet,BS_PROVISION_TRADING_SECURITIES,Dự phòng giảm giá chứng khoán kinh doanh,du_phong_giam_gia_chung_khoan_kinh_doanh,du_phong_giam_gia_chung_khoan_kinh_doanh,2_provisions_for_diminution_in_value_of_trading_securities,2_provisions_for_diminution_in_value_of_trading_securities
balance_sheet,BS_DERIVATIVES_AND_OTHER_FINANCIAL_ASSETS,Các công cụ tài chính phái sinh và các tài sản tài chính khác,cac_cong_cu_tai_chinh_phai_sinh_va_cac_tai_san_tai_chinh_khac,cac_cong_cu_tai_chinh_phai_sinh_va_cac_tai_san_tai_chinh_khac,v_derivatives_and_other_financial_assets,"{'id': 'v_derivatives_and_other_financial_assets', 'votes': 5}"
balance_sheet,BS_LOANS_TO_CUSTOMERS,Cho vay khách hàng,cho_vay_khach_hang,cho_vay_khach_hang,vi_loans_advances_and_finance_leases_to_customers,vi_loans_advances_and_finance_leases_to_customers
balance_sheet,BS_LOANS_TO_CUSTOMERS_GROSS,Cho vay khách hàng,cho_vay_khach_hang,cho_vay_khach_hang,1_loans_advances_and_finance_leases_to_customers,1_loans_advances_and_finance_leases_to_customers
balance_sheet,BS_PROVISION_LOANS_TO_CUSTOMERS,Dự phòng rủi ro cho vay khách hàng,du_phong_rui_ro_cho_vay_khach_hang,du_phong_rui_ro_cho_vay_khach_hang,2_provisions_for_losses_on_loans_advances_and_finance_leases_to_customers,2_provisions_for_losses_on_loans_advances_and_finance_leases_to_customers
balance_sheet,BS_INVESTMENT_SECURITIES,Chứng khoán đầu tư,investment_securities,chung_khoan_dau_tu,,viii_investment_securities
balance_sheet,BS_AVAILABLE_FOR_SALE_SECURITIES,Chứng khoán đầu tư sẵn sàng để bán,available_for_sale_securities,chung_khoan_dau_tu_san_sang_de_ban,,1_available_for_sales_securities
balance_sheet,BS_HELD_TO_MATURITY_SECURITIES,Đầu tư nắm giữ đến ngày đáo hạn,dau_tu_nam_giu_den_ngay_dao_han,dau_tu_nam_giu_den_ngay_dao_han,3_held_to_maturity_investments_htm | 3_short_term_held_to_maturity_investments,2_held_to_maturity_securities | 3_held_to_maturity_investments_htm | 3_held_to_maturity_investments | 3_short_term_held_to_maturity_investments
balance_sheet,BS_PROVISION_INVESTMENT_SECURITIES,Dự phòng giảm giá chứng khoán đầu tư,du_phong_giam_gia_chung_khoan_dau_tu,du_phong_giam_gia_chung_khoan_dau_tu,3_provisions_for_diminution_in_value_of_investment_securities,3_provisions_for_diminution_in_value_of_investment_securities
balance_sheet,BS_OTHER_ASSETS,Tài sản Có khác,other_assets,tai_san_co_khac,4_other_assets | xii_other_assets | xi_other_assets,xii_other_assets
balance_sheet,BS_DUE_TO_GOVERNMENT_AND_SBV,Các khoản nợ chính phủ và NHNN Việt Nam,cac_khoan_no_chinh_phu_va_nhnn_viet_nam,cac_khoan_no_chinh_phu_va_nhnn_viet_nam,i_due_to_government_and_borrowings_from_the_state_bank_of_vietnam,i_due_to_government_and_borrowings_from_the_state_bank_of_vietnam
balance_sheet,BS_PLACEMENTS_AND_BORROWINGS_FROM_CREDIT_INSTITUTIONS,Tiền gửi và vay các Tổ chức tín dụng khác,tien_gui_va_vay_cac_to_chuc_tin_dung_khac,tien_gui_va_vay_cac_to_chuc_tin_dung_khac,ii_placements_and_borrowings_from_other_credit_institutions,ii_placements_and_borrowings_from_other_credit_institutions
balance_sheet,BS_CUSTOMER_DEPOSITS,Tiền gửi của khách hàng,customer_deposits,tien_gui_cua_khach_hang,iii_deposits_from_customers,iii_deposits_from_customers
balance_sheet,BS_DERIVATIVES_AND_OTHER_FINANCIAL_LIABILITIES,Các công cụ tài chính phái sinh và các khoản nợ tài chính khác,cac_cong_cu_tai_chinh_phai_sinh_va_cac_khoan_no_tai_chinh_khac,cac_cong_cu_tai_chinh_phai_sinh_va_cac_khoan_no_tai_chinh_khac,iv_derivatives_and_other_financial_liabilities,iv_derivatives_and_other_financial_liabilities
balance_sheet,BS_FUNDS_AND_ENTRUSTED_INVESTMENTS,"Vốn tài trợ, uỷ thác đầu tư của Chính phủ và các tổ chức tín dụng khác",von_tai_tro_uy_thac_dau_tu_cua_chinh_phu_va_cac_to_chuc_tin_dung_khac,von_tai_tro_uy_thac_dau_tu_cua_chinh_phu_va_cac_to_chuc_tin_dung_khac,,v_funds_received_from_government_and_institutions_investments_on_behalf_of_investors_syndicated_loans_of_the_bank_s_risks
balance_sheet,BS_VALUABLE_PAPERS_ISSUED,Phát hành giấy tờ có giá,valuable_papers_issued,phat_hanh_giay_to_co_gia,vi_valuable_papers_e_g_bonds_cds,vi_valuable_papers_e_g_bonds_cds
balance_sheet,BS_OTHER_LIABILITIES,Các khoản nợ khác,cac_khoan_no_khac,cac_khoan_no_khac,vii_other_liabilities | 3_other_liabilities,vii_other_liabilities
balance_sheet,BS_CHARTER_CAPITAL_AND_FUNDS,Vốn của tổ chức tín dụng,von_cua_to_chuc_tin_dung,von_cua_to_chuc_tin_dung,1_capital,1_capital
balance_sheet,BS_RESERVES,Quỹ của tổ chức tín dụng,quy_cua_to_chuc_tin_dung,quy_cua_to_chuc_tin_dung,,2_reserves
balance_sheet,BS_OFF_BALANCE_SHEET_ITEMS,CÁC CHỈ TIÊU NGOÀI BÁO CÁO TÌNH HÌNH TÀI CHÍNH,cac_chi_tieu_ngoai_bao_cao_tinh_hinh_tai_chinh,cac_chi_tieu_ngoai_bao_cao_tinh_hinh_tai_chinh,,
balance_sheet,BS_OTHER_GUARANTEES,Bảo lãnh khác,bao_lanh_khac,bao_lanh_khac,,
balance_sheet,BS_LOAN_GUARANTEES,Bảo lãnh vay vốn,bao_lanh_vay_von,bao_lanh_vay_von,,
balance_sheet,BS_FX_COMMITMENTS,Cam kết giao dịch hối đoái,cam_ket_giao_dich_hoi_doai,cam_ket_giao_dich_hoi_doai,,
balance_sheet,BS_COMMITMENTS_TO_BUY_FX,Cam kết mua ngoại tệ,cam_ket_mua_ngoai_te,cam_ket_mua_ngoai_te,,
balance_sheet,BS_COMMITMENTS_TO_SELL_FX,Cam kết bán ngoại tệ,cam_ket_ban_ngoai_te,cam_ket_ban_ngoai_te,,
balance_sheet,BS_SWAP_COMMITMENTS,Cam kết giao dịch hoán đổi,cam_ket_giao_dich_hoan_doi,cam_ket_giao_dich_hoan_doi,,
balance_sheet,BS_FUTURE_COMMITMENTS,Cam kết giao dịch tương lai,cam_ket_giao_dich_tuong_lai,cam_ket_giao_dich_tuong_lai,,
balance_sheet,BS_IRREVOCABLE_LOAN_COMMITMENTS,Cam kết cho vay không huỷ ngang,cam_ket_cho_vay_khong_huy_ngang,cam_ket_cho_vay_khong_huy_ngang,,
balance_sheet,BS_LC_COMMITMENTS,Cam kết trong nghiệp vụ L/C,cam_ket_trong_nghiep_vu_l_c,cam_ket_trong_nghiep_vu_l_c,,
balance_sheet,BS_OTHER_COMMITMENTS,Cam kết khác,cam_ket_khac,cam_ket_khac,,
balance_sheet,BS_MINORITY_INTEREST,Lợi ích của cổ đông thiểu số,minority_interest,loi_ich_cua_co_dong_thieu_so,6_minority_s_interest | 8_minority_interest | 12_minority_s_interest | 13_minority_interest | 13_minority_s_interest,6_minority_s_interest | 12_minority_s_interest | 13_minority_interest
balance_sheet,BS_PLACEMENTS_WITH_CREDIT_INSTITUTIONS,Tiền gửi tại các TCTD khác,tien_gui_tai_cac_tctd_khac,tien_gui_tai_cac_tctd_khac,1_placements_at_other_credit_institutions,1_placements_at_other_credit_institutions
balance_sheet,BS_LOANS_TO_CREDIT_INSTITUTIONS,Cho vay các TCTD khác,cho_vay_cac_tctd_khac,cho_vay_cac_tctd_khac,2_loans_to_other_credit_institutions,2_loans_to_other_credit_institutions
balance_sheet,BS_PROVISION_CREDIT_INSTITUTIONS,Dự phòng rủi ro,du_phong_rui_ro,du_phong_rui_ro,,3_provisions_for_losses_and_risks
balance_sheet,BS_DEBT_PURCHASES,Hoạt động mua nợ,hoat_dong_mua_no,hoat_dong_mua_no,1_debt_purchased | vii_debt_purchased,vii_debt_purchased
balance_sheet,BS_DEBT_PURCHASES_GROSS,Mua nợ,mua_no,mua_no,,1_debt_purchased
balance_sheet,BS_PROVISION_DEBT_PURCHASES,Dự phòng rủi ro hoạt động mua nợ,du_phong_rui_ro_hoat_dong_mua_no,du_phong_rui_ro_hoat_dong_mua_no,2_provision_for_debt_purchased,2_provision_for_debt_purchased
balance_sheet,BS_RECEIVABLES,Các khoản phải thu,cac_khoan_phai_thu,cac_khoan_phai_thu,1_accounts_receivables,1_accounts_receivables
balance_sheet,BS_INTEREST_AND_FEE_RECEIVABLES,Các khoản lãi và phí phải thu,cac_khoan_lai_va_phi_phai_thu,cac_khoan_lai_va_phi_phai_thu,2_interest_and_fee_receivables,2_interest_and_fee_receivables
balance_sheet,BS_DEFERRED_TAX_ASSETS,Tài sản thuế thu nhập hoãn lại,tai_san_thue_thu_nhap_hoan_lai,tai_san_thue_thu_nhap_hoan_lai,10_2_deferred_income_tax_expenses | 2_deferred_income_tax_assets,3_deferred_income_tax_assets | 2_deferred_income_tax_assets
balance_sheet,BS_OTHER_ASSETS_DETAIL,Tài sản Có khác,tai_san_co_khac,tai_san_co_khac,,4_other_assets
balance_sheet,BS_GOODWILL,Lợi thế thương mại,goodwill,loi_the_thuong_mai,6_goodwill | 5_goodwill | v_goodwill | vii_goodwill,5_goodwill
balance_sheet,BS_PROVISION_OTHER_ASSETS,Các khoản dự phòng rủi ro cho các tài sản Có nội bảng khác,cac_khoan_du_phong_rui_ro_cho_cac_tai_san_co_noi_bang_khac,cac_khoan_du_phong_rui_ro_cho_cac_tai_san_co_noi_bang_khac,5_provisions_for_risks_in_other_assets,5_provisions_for_risks_in_other_assets
balance_sheet,BS_PLACEMENTS_FROM_CREDIT_INSTITUTIONS,Tiền gửi của các tổ chức tín dụng khác,tien_gui_cua_cac_to_chuc_tin_dung_khac,tien_gui_cua_cac_to_chuc_tin_dung_khac,1_placements_from_other_credit_institutions,1_placements_from_other_credit_institutions
balance_sheet,BS_BORROWINGS_FROM_CREDIT_INSTITUTIONS,Vay các tổ chức tín dụng khác,vay_cac_to_chuc_tin_dung_khac,vay_cac_to_chuc_tin_dung_khac,2_borrowings_from_other_credit_institutions,2_borrowings_from_other_credit_institutions
balance_sheet,BS_INTEREST_AND_FEE_PAYABLES,"Các khoản lãi, phí phải trả",cac_khoan_lai_phi_phai_tra,cac_khoan_lai_phi_phai_tra,1_interest_and_fee_payables,1_interest_and_fee_payables
balance_sheet,BS_DEFERRED_TAX_LIABILITIES,Thuế thu nhập hoãn lại phải trả,thue_thu_nhap_hoan_lai_phai_tra,thue_thu_nhap_hoan_lai_phai_tra,14_deferred_income_tax_liabilities | 5_deferred_income_tax_liabilities | 12_deferred_income_tax_liabilities | 11_deferred_income_tax_liabilities,14_deferred_income_tax_liabilities | 5_deferred_income_tax_liabilities | 12_deferred_income_tax_liabilities
balance_sheet,BS_OTHER_PAYABLES_AND_LIABILITIES,Các khoản phải trả và công nợ khác,cac_khoan_phai_tra_va_cong_no_khac,cac_khoan_phai_tra_va_cong_no_khac,,3_other_liabilities
balance_sheet,BS_OTHER_PROVISIONS,Dự phòng rủi ro khác,du_phong_rui_ro_khac,du_phong_rui_ro_khac,,4_provisions_for_contingent_liabilities_and_off_balance_sheet_commitments
balance_sheet,BS_CAPITAL_CONTRIBUTION_JOINT_VENTURES,Vốn Góp liên doanh,von_gop_lien_doanh,von_gop_lien_doanh,,2_investments_in_associates_joint_ventures
balance_sheet,BS_INVESTMENTS_IN_ASSOCIATES,Đầu tư vào công ty liên kết,dau_tu_vao_cong_ty_lien_ket,dau_tu_vao_cong_ty_lien_ket,,"{'id': '2_investments_in_associates_joint_ventures', 'votes': 4}"
balance_sheet,BS_SHORT_TERM_ASSETS,TÀI SẢN NGẮN HẠN,tai_san_ngan_han,tai_san_ngan_han,a_short_term_assets,a_short_term_assets
balance_sheet,BS_CASH,Tiền,cash,tien,1_1_cash,1_1_cash | 1_cash
balance_sheet,BS_CASH_EQUIVALENTS,Các khoản tương đương tiền,cash_equivalents,cac_khoan_tuong_duong_tien,1_2_cash_equivalents,2_cash_equivalents | 1_2_cash_equivalents
balance_sheet,BS_FVTPL_FINANCIAL_ASSETS,Các tài sản tài chính ghi nhận thông qua lãi lỗ,cac_tai_san_tai_chinh_ghi_nhan_thong_qua_lai_lo,cac_tai_san_tai_chinh_ghi_nhan_thong_qua_lai_lo,,2_financial_assets_at_fair_value_through_profit_or_loss_fvtpl | 1_short_term_investments | 1_trading_securities
balance_sheet,BS_PROVISIONS_FOR_IMPAIRMENT_LOSS_OF_FINANCIAL_ASSETS_AND_MORTGAGES,Dự phòng suy giảm giá trị tài sản tài chính và tài sản thế chấp,du_phong_suy_giam_gia_tri_tai_san_tai_chinh_va_tai_san_the_chap,du_phong_suy_giam_gia_tri_tai_san_tai_chinh_va_tai_san_the_chap,6_provisions_for_impairment_loss_of_financial_assets_and_mortgages | 2_provision_for_diminution_in_value_of_available_for_sale_securities,6_provisions_for_impairment_loss_of_financial_assets_and_mortgages | 2_provision_for_diminution_in_value_of_short_term_investments | 2_provision_for_diminution_in_value_of_available_for_sale_securities
balance_sheet,BS_SHORT_TERM_RECEIVABLES,Các khoản phải thu ngắn hạn,short_term_receivables,cac_khoan_phai_thu_ngan_han,7_short_term_receivables | 1_long_term_receivables | iii_short_term_receivables | i_long_term_receivables,iii_short_term_receivables
balance_sheet,BS_TRADE_RECEIVABLES,Phải thu ngắn hạn của khách hàng,phai_thu_ngan_han_cua_khach_hang,phai_thu_ngan_han_cua_khach_hang,1_trade_accounts_receivable | 1_short_term_trade_accounts_receivable,1_trade_accounts_receivable | 1_short_term_trade_accounts_receivable
balance_sheet,BS_PREPAYMENTS_TO_SUPPLIERS,Trả trước cho người bán ngắn hạn,tra_truoc_cho_nguoi_ban_ngan_han,tra_truoc_cho_nguoi_ban_ngan_han,2_prepayments_to_suppliers | 7_payments_to_suppliers | 2_short_term_prepayments_to_suppliers,prepayments_to_suppliers | 2_prepayments_to_suppliers | 2_short_term_prepayments_to_suppliers
balance_sheet,BS_SHORT_TERM_INTER_COMPANY_RECEIVABLES,Phải thu nội bộ ngắn hạn,short_term_inter_company_receivables,phai_thu_noi_bo_ngan_han,10_short_term_inter_company_receivables | 3_short_term_inter_company_receivables,
balance_sheet,BS_RECEIVABLES_UNDER_CONSTRUCTION_CONTRACTS,Phải thu về XDCB,phai_thu_ve_xdcb,phai_thu_ve_xdcb,4_construction_contract_progress_receipts_due_from_customers | 4_receivables_under_construction_contracts,4_receivables_under_construction_contracts
balance_sheet,BS_OTHER_RECEIVABLES,Phải thu ngắn hạn khác,phai_thu_ngan_han_khac,phai_thu_ngan_han_khac,,12_other_receivables | 5_other_receivables | 5_other_short_term_receivables
balance_sheet,BS_PROVISION_DOUBTFUL_DEBTS,Dự phòng phải thu ngắn hạn khó đòi,du_phong_phai_thu_ngan_han_kho_doi,du_phong_phai_thu_ngan_han_kho_doi,1_5_provision_for_long_term_doubtful_debts | 6_provision_for_short_term_doubtful_debts | 5_provision_for_long_term_doubtful_debts | 7_provision_for_short_term_doubtful_debts,6_provision_for_short_term_doubtful_debts
balance_sheet,BS_PROVISION_INVENTORIES,Dự phòng giảm giá hàng tồn kho,du_phong_giam_gia_hang_ton_kho,du_phong_giam_gia_hang_ton_kho,provision_for_decline_in_value_of_inventories | 2_provision_for_decline_in_value_of_inventories,2_provision_for_decline_in_value_of_inventories
balance_sheet,BS_OTHER_SHORT_TERM_ASSETS,Tài sản ngắn hạn khác,other_short_term_assets,tai_san_ngan_han_khac,,ii_other_short_term_assets | v_other_short_term_assets | vi_other_short_term_assets
balance_sheet,BS_SHORT_TERM_PREPAYMENTS,Chi phí trả trước ngắn hạn,short_term_prepayments,chi_phi_tra_truoc_ngan_han,3_short_term_prepayments | 1_short_term_prepayments,3_short_term_prepayments | 1_short_term_prepayments | 1_short_term_deferred_expenses
balance_sheet,BS_DEDUCTIBLE_VALUE_ADDED_TAX,Thuế GTGT được khấu trừ,thue_gtgt_duoc_khau_tru,thue_gtgt_duoc_khau_tru,8_value_added_tax_to_be_reclaimed | 2_value_added_tax_to_be_reclaimed | 2_deductible_value_added_tax,2_deductible_value_added_tax
balance_sheet,BS_TAXES_AND_OTHER_RECEIVABLES_FROM_STATE_AUTHORITIES,Thuế và các khoản khác phải thu Nhà nước,taxes_and_other_receivables_from_state_authorities,thue_va_cac_khoan_khac_phai_thu_nha_nuoc,taxes_and_other_receivables_from_state_authorities | 3_taxes_and_other_receivables_from_state_authorities,3_taxes_and_other_receivables_from_state_authorities | taxes_and_other_receivables_from_state_authorities
balance_sheet,BS_OTHER_SHORT_TERM_ASSETS_DETAIL,Tài sản ngắn hạn khác,tai_san_ngan_han_khac,tai_san_ngan_han_khac,,5_other_short_term_assets
balance_sheet,BS_LONG_TERM_ASSETS,Tài sản dài hạn khác,long_term_assets,tai_san_dai_han_khac,b_long_term_assets,b_long_term_assets
balance_sheet,BS_LONG_TERM_RECEIVABLES,Các khoản phải thu dài hạn,long_term_receivables,cac_khoan_phai_thu_dai_han,1_long_term_trade_receivables,i_long_term_receivables
balance_sheet,BS_LONG_TERM_TRADE_RECEIVABLES,Phải thu dài hạn của khách hàng,long_term_trade_receivables,phai_thu_dai_han_cua_khach_hang,1_1_long_term_trade_receivables,"{'id': '1_long_term_trade_receivables', 'votes': 6}"
balance_sheet,BS_OTHER_LONG_TERM_RECEIVABLES_LEGACY,Phải thu dài hạn khác,phai_thu_dai_han_khac,phai_thu_dai_han_khac,1_4_other_long_term_receivables,i_long_term_receivables | 5_other_long_term_receivables
balance_sheet,BS_PROVISION_FOR_LONG_TERM_DOUBTFUL_DEBTS,Dự phòng phải thu dài hạn khó đòi,provision_for_long_term_doubtful_debts,du_phong_phai_thu_dai_han_kho_doi,,6_provision_for_long_term_doubtful_debts
balance_sheet,BS_OTHER_LONG_TERM_ASSETS,Tài sản dài hạn khác,other_long_term_assets,tai_san_dai_han_khac,5_other_long_term_assets | v_other_long_term_assets | 4_other_long_term_assets | vi_other_long_term_assets | vii_other_long_term_assets,v_other_long_term_assets | vi_other_long_term_assets | vii_other_long_term_assets
balance_sheet,BS_LONG_TERM_PREPAYMENTS,Chi phí trả trước dài hạn,long_term_prepayments,chi_phi_tra_truoc_dai_han,2_long_term_prepayments | 1_long_term_prepayments | 1_long_term_deferred_expenses,2_long_term_prepayments | 1_long_term_prepayments | 1_long_term_deferred_expenses
balance_sheet,BS_OTHER_LONG_TERM_ASSETS_DETAIL,Tài sản dài hạn khác,tai_san_dai_han_khac,tai_san_dai_han_khac,,5_other_long_term_assets | 4_other_long_term_assets | 5_goodwill
balance_sheet,BS_SHORT_TERM_LIABILITIES,Nợ ngắn hạn,short_term_liabilities,no_ngan_han,i_short_term_liabilities,i_short_term_liabilities
balance_sheet,BS_SHORT_TERM_BORROWINGS,Vay và nợ thuê tài chính ngắn hạn,vay_va_no_thue_tai_chinh_ngan_han,vay_va_no_thue_tai_chinh_ngan_han,11_short_term_borrowings_and_financial_leases | 10_short_term_borrowings_and_financial_leases,1_short_term_borrowings | 11_short_term_borrowings_and_financial_leases
balance_sheet,BS_TRADE_ACCOUNTS_PAYABLE,Phải trả người bán ngắn hạn,phai_tra_nguoi_ban_ngan_han,phai_tra_nguoi_ban_ngan_han,8_trade_accounts_payable | 2_trade_accounts_payable | 1_short_term_trade_accounts_payable,8_trade_accounts_payable | 2_trade_accounts_payable | 1_short_term_trade_accounts_payable
balance_sheet,BS_ADVANCES_FROM_CUSTOMERS,Người mua trả tiền trước ngắn hạn,nguoi_mua_tra_tien_truoc_ngan_han,nguoi_mua_tra_tien_truoc_ngan_han,9_advances_from_customers | 3_advances_from_customers | 2_short_term_advances_from_customers,9_advances_from_customers | 3_advances_from_customers | 2_short_term_advances_from_customers
balance_sheet,BS_TAXES_AND_OTHER_PAYABLES_TO_STATE_AUTHORITIES,Thuế và các khoản phải nộp Nhà nước,taxes_and_other_payables_to_state_authorities,thue_va_cac_khoan_phai_nop_nha_nuoc,10_taxes_and_other_payables_to_state_authorities | 4_taxes_and_other_payables_to_state_authorities | 4_short_term_taxes_and_other_payables_to_the_government | 3_taxes_and_other_payables_to_state_authorities,10_taxes_and_other_payables_to_state_authorities | 4_taxes_and_other_payables_to_state_authorities | 4_short_term_taxes_and_other_payables_to_the_government
balance_sheet,BS_PAYABLE_TO_EMPLOYEES,Phải trả người lao động,payable_to_employees,phai_tra_nguoi_lao_dong,11_payable_to_employees | 5_payable_to_employees | 4_payable_to_employees,11_payable_to_employees | 5_payable_to_employees
balance_sheet,BS_ACCRUED_EXPENSES,Chi phí phải trả ngắn hạn,chi_phi_phai_tra_ngan_han,chi_phi_phai_tra_ngan_han,6_short_term_accrued_expenses | 5_short_term_acrrued_expenses,13_accrued_expenses | 6_accrued_expenses | 6_short_term_accrued_expenses
balance_sheet,BS_SHORT_TERM_PAYABLES_FOR_CONSTRUCTION_CONTRACT_PROGRESS,Phải trả về xây dựng cơ bản,phai_tra_ve_xay_dung_co_ban,phai_tra_ve_xay_dung_co_ban,8_construction_contract_progress_payments_due_to_suppliers | 7_construction_contract_progress_payments_due_to_suppliers,8_short_term_payables_for_construction_contract_progress
balance_sheet,BS_OTHER_PAYABLES,Phải trả ngắn hạn khác,other_payables,phai_tra_ngan_han_khac,10_other_short_term_payables,17_other_payables | 9_other_payables | 10_other_short_term_payables
balance_sheet,BS_SHORT_TERM_PROVISIONS,Dự phòng phải trả ngắn hạn,du_phong_phai_tra_ngan_han,du_phong_phai_tra_ngan_han,18_provision_for_short_term_liabilities | 10_provision_for_short_term_liabilities | 12_provision_for_short_term_liabilities | 11_provision_for_short_term_liabilities,10_provision_for_short_term_liabilities | 12_provision_for_short_term_liabilities
balance_sheet,BS_BONUS_AND_WELFARE_FUND,"Quỹ khen thưởng, phúc lợi",bonus_and_welfare_fund,quy_khen_thuong_phuc_loi,19_bonus_and_welfare_fund | 13_bonus_and_welfare_fund | 12_bonus_and_welfare_fund,19_bonus_and_welfare_fund | 11_bonus_and_welfare_fund | 13_bonus_and_welfare_fund
balance_sheet,BS_LONG_TERM_LIABILITIES,Nợ dài hạn,long_term_liabilities,no_dai_han,ii_long_term_liabilities,ii_long_term_liabilities
balance_sheet,BS_LONG_TERM_TRADE_PAYABLES,Phải trả người bán dài hạn,long_term_trade_payables,phai_tra_nguoi_ban_dai_han,5_long_term_trade_payables | 1_long_term_trade_payables,1_long_term_trade_payables
balance_sheet,BS_OTHER_LONG_TERM_LIABILITIES,Phải trả dài hạn khác,other_long_term_liabilities,phai_tra_dai_han_khac,,3_other_long_term_liabilities | 8_other_long_term_liabilities
balance_sheet,BS_LONG_TERM_BORROWINGS,Vay và nợ thuê tài chính dài hạn,vay_va_no_thue_tai_chinh_dai_han,vay_va_no_thue_tai_chinh_dai_han,9_long_term_borrowings_and_financial_leases | 8_long_term_borrowings_and_financial_leases,4_long_term_borrowings | 9_long_term_borrowings_and_financial_leases
balance_sheet,BS_LONG_TERM_PROVISIONS,Dự phòng phải trả dài hạn,du_phong_phai_tra_dai_han,du_phong_phai_tra_dai_han,12_provision_for_long_term_liabilities | 7_provision_for_long_term_liabilities | 13_provision_for_long_term_liabilities,13_provision_for_long_term_liabilities
balance_sheet,BS_LONG_TERM_UNEARNED_REVENUE,Doanh thu chưa thực hiện dài hạn,long_term_unearned_revenue,doanh_thu_chua_thuc_hien_dai_han,9_unearned_revenue | 8_unearned_revenue | 7_long_term_unearned_revenue | 6_long_term_unearned_revenue,7_long_term_unearned_revenue | 9_unearned_revenue
balance_sheet,BS_FUND_FOR_TECHNOLOGY_DEVELOPMENT,Quỹ phát triển khoa học và công nghệ,quy_phat_trien_khoa_hoc_va_cong_nghe,quy_phat_trien_khoa_hoc_va_cong_nghe,15_fund_for_technology_development | 9_fund_for_technology_development | 14_fund_for_technology_development | 13_fund_for_technology_development,14_fund_for_technology_development
balance_sheet,BS_INVESTMENT_AND_DEVELOPMENT_FUND,Quỹ đầu tư phát triển,investment_and_development_fund,quy_dau_tu_phat_trien,,7_investment_and_development_fund | 8_investment_and_development_fund
balance_sheet,BS_FINANCIAL_RESERVES,Quỹ dự phòng tài chính và rủi ro nghiệp vụ,quy_du_phong_tai_chinh_va_rui_ro_nghiep_vu,quy_du_phong_tai_chinh_va_rui_ro_nghiep_vu,,8_financial_reserves | 5_financial_reserves
balance_sheet,BS_OTHER_RESERVES,Quỹ khác thuộc vốn chủ sở hữu,quy_khac_thuoc_von_chu_so_huu,quy_khac_thuoc_von_chu_so_huu,10_other_reserves | 9_other_funds_from_owner_s_equity,10_other_reserves | 6_other_funds_from_owner_s_equity | 9_other_funds_from_owner_s_equity
balance_sheet,BS_FUNDING_SOURCES,Nguồn kinh phí và quỹ khác,nguon_kinh_phi_va_quy_khac,nguon_kinh_phi_va_quy_khac,ii_budget_resources_and_other_funds | ii_other_resources_and_funds,1_funding_sources
balance_sheet,BS_STATE_BUDGET_CAPITAL,Vốn ngân sách nhà nước,von_ngan_sach_nha_nuoc,von_ngan_sach_nha_nuoc,1_subsidized_not_for_profit_funds | 1_funding_sources,1_funding_sources
balance_sheet,BS_PAYABLES_SECURITIES_TRADING,Phải trả hoạt động giao dịch chứng khoán,phai_tra_hoat_dong_giao_dich_chung_khoan,phai_tra_hoat_dong_giao_dich_chung_khoan,,6_payables_to_securities_trading_activities
balance_sheet,BS_ASSETS_AWAITING_RESOLUTION,Tài sản thiếu chờ xử lý,tai_san_thieu_cho_xu_ly,tai_san_thieu_cho_xu_ly,,7_assets_awaiting_resolution
balance_sheet,BS_SHORT_TERM_LOAN_RECEIVABLES,Phải thu về cho vay ngắn hạn,short_term_loan_receivables,phai_thu_ve_cho_vay_ngan_han,4_short_term_loan_receivables | 5_short_term_loan_receivables,5_short_term_loan_receivables | 4_short_term_loan_receivables
balance_sheet,BS_LONG_TERM_PREPAYMENTS_TO_SUPPLIERS,Trả trước cho người bán dài hạn,long_term_prepayments_to_suppliers,tra_truoc_cho_nguoi_ban_dai_han,2_long_term_prepayments_to_suppliers,2_long_term_prepayments_to_suppliers
balance_sheet,BS_LONG_TERM_LOAN_RECEIVABLES,Phải thu về cho vay dài hạn,long_term_loan_receivables,phai_thu_ve_cho_vay_dai_han,5_long_term_loan_receivables,5_long_term_loan_receivables
balance_sheet,BS_CONSTRUCTION_IN_PROGRESS,Tài sản dở dang dài hạn,construction_in_progress,tai_san_do_dang_dai_han,iv_long_term_assets_in_progress | v_long_term_assets_in_progress,iv_construction_in_progress | 4_construction_in_progress | v_long_term_assets_in_progress
balance_sheet,BS_LONG_TERM_PRODUCTION_IN_PROGRESS,"Chi phí sản xuất, kinh doanh dở dang dài hạn",chi_phi_san_xuat_kinh_doanh_do_dang_dai_han,chi_phi_san_xuat_kinh_doanh_do_dang_dai_han,1_long_term_production_in_progress,1_long_term_production_in_progress
balance_sheet,BS_LONG_TERM_EQUIPMENT_SUPPLIES_SPARE_PARTS,"Thiết bị, vật tư, phụ tùng thay thế dài hạn",thiet_bi_vat_tu_phu_tung_thay_the_dai_han,thiet_bi_vat_tu_phu_tung_thay_the_dai_han,3_long_term_equipment_supplies_spare_parts,3_long_term_equipment_supplies_spare_parts
balance_sheet,BS_SHORT_TERM_UNEARNED_REVENUE,Doanh thu chưa thực hiện ngắn hạn,short_term_unearned_revenue,doanh_thu_chua_thuc_hien_ngan_han,15_unearned_revenue | 14_short_term_unearned_revenue | 9_short_term_unearned_revenue | 8_short_term_unearned_revenue,14_short_term_unearned_revenue | 15_unearned_revenue | 9_short_term_unearned_revenue
balance_sheet,BS_PRICE_STABILIZATION_FUND,Quỹ bình ổn giá,quy_binh_on_gia,quy_binh_on_gia,11_bonus_and_welfare_fund | 14_price_stabilization_fund | 13_price_stabilization_fund,
balance_sheet,BS_PAYABLES_GOVERNMENT_BONDS_TRADING,Giao dịch mua bán lại trái phiếu Chính phủ,giao_dich_mua_ban_lai_trai_phieu_chinh_phu,giao_dich_mua_ban_lai_trai_phieu_chinh_phu,12_payables_for_government_bond_trading_activities,12_payables_for_government_bond_trading_activities
balance_sheet,BS_LONG_TERM_ADVANCES_FROM_CUSTOMERS,Người mua trả tiền trước dài hạn,long_term_advances_from_customers,nguoi_mua_tra_tien_truoc_dai_han,6_advances_from_customers | 2_long_term_advances_from_customers,"{'id': '2_long_term_advances_from_customers', 'votes': 6}"
balance_sheet,BS_LONG_TERM_ACCRUED_EXPENSES,Chi phí phải trả dài hạn,chi_phi_phai_tra_dai_han,chi_phi_phai_tra_dai_han,4_long_term_accrued_expenses | 3_long_term_acrrued_expenses,"{'id': '4_long_term_accrued_expenses', 'votes': 7}"
balance_sheet,BS_CONVERTIBLE_BONDS,Trái phiếu chuyển đổi,convertible_bonds,trai_phieu_chuyen_doi,10_convertible_bonds | 9_convertible_bonds,10_convertible_bonds
balance_sheet,BS_CAPITAL_FROM_OWNERS,Cổ phiếu phổ thông có quyền biểu quyết,co_phieu_pho_thong_co_quyen_bieu_quyet,co_phieu_pho_thong_co_quyen_bieu_quyet,common_stock_with_voting_right,1_1_capital_from_owners | common_stock_with_voting_right
balance_sheet,BS_ACCUMULATED_RETAINED_EARNING_AT_THE_END_OF_THE_PREVIOUS_PERIOD,LNST chưa phân phối kỳ này,lnst_chua_phan_phoi_ky_nay,lnst_chua_phan_phoi_ky_nay,accumulated_retained_earning_at_the_end_of_the_previous_period,accumulated_retained_earning_at_the_end_of_the_previous_period
balance_sheet,BS_PROFIT_THIS_PERIOD,LNST chưa phân phối kỳ này,lnst_chua_phan_phoi_ky_nay,lnst_chua_phan_phoi_ky_nay,undistributed_earnings_in_this_period,7_1_realised_profits | undistributed_earnings_in_this_period
balance_sheet,BS_CAPITAL_CONSTRUCTION_IN_PROGRESS,Chi phí xây dựng cơ bản dở dang,chi_phi_xay_dung_co_ban_do_dang,chi_phi_xay_dung_co_ban_do_dang,iv_construction_in_progress | 4_construction_in_progress | 2_construction_in_progress,iv_construction_in_progress | 4_construction_in_progress | 2_construction_in_progress
balance_sheet,BS_SETTLEMENT_ASSISTANCE_FUND,Tiền chi nộp Quỹ Hỗ trợ thanh toán,tien_chi_nop_quy_ho_tro_thanh_toan,tien_chi_nop_quy_ho_tro_thanh_toan,4_payment_for_settlement_assistance_fund | 5_cash_paid_to_settlement_assistance_fund,4_payment_for_settlement_assistance_fund
balance_sheet,BS_SHORT_TERM_FINANCIAL_ASSETS,Tài sản tài chính ngắn hạn,tai_san_tai_chinh_ngan_han,tai_san_tai_chinh_ngan_han,short_term_financial_assets,short_term_financial_assets
balance_sheet,BS_LOANS,Các khoản cho vay,cac_khoan_cho_vay,cac_khoan_cho_vay,4_loans,4_loans
balance_sheet,BS_AVAILABLE_FOR_SALE_FINANCIAL_ASSETS_AFS,Các khoản tài chính sẵn sàng để bán,cac_khoan_tai_chinh_san_sang_de_ban,cac_khoan_tai_chinh_san_sang_de_ban,5_available_for_sale_financial_assets_afs,5_available_for_sale_financial_assets_afs
balance_sheet,BS_RECEIVABLES_POST_2016,Các khoản phải thu,cac_khoan_phai_thu,cac_khoan_phai_thu,,7_short_term_receivables
balance_sheet,BS_RECEIVABLES_FROM_DISPOSAL_OF_FINANCIAL_ASSETS,Phải thu bán các tài sản tài chính,phai_thu_ban_cac_tai_san_tai_chinh,phai_thu_ban_cac_tai_san_tai_chinh,7_1_receivables_from_disposal_of_financial_assets,7_1_receivables_from_disposal_of_financial_assets
balance_sheet,BS_RECEIVABLES_AND_ACCRUALS_FROM_DIVIDENDS_AND_INTEREST_INCOME,"Phải thu và dự thu cổ tức, tiền lãi các tài sản tài chính",phai_thu_va_du_thu_co_tuc_tien_lai_cac_tai_san_tai_chinh,phai_thu_va_du_thu_co_tuc_tien_lai_cac_tai_san_tai_chinh,,7_2_receivables_and_accruals_from_dividends_and_interest_income
balance_sheet,BS_DUE_DIVIDEND_AND_INTEREST_RECEIVABLES,"Phải thu cổ tức, tiền lãi đến ngày nhận",phai_thu_co_tuc_tien_lai_den_ngay_nhan,phai_thu_co_tuc_tien_lai_den_ngay_nhan,7_2_1_due_dividend_and_interest_receivables,7_2_1_due_dividend_and_interest_receivables
balance_sheet,BS_UNDUE_DIVIDEND_AND_INTEREST_RECEIVABLES,"Dự thu cổ tức , tiền lãi chưa đến ngày nhận",du_thu_co_tuc_tien_lai_chua_den_ngay_nhan,du_thu_co_tuc_tien_lai_chua_den_ngay_nhan,7_2_2_undue_dividend_and_interest_receivables,7_2_2_undue_dividend_and_interest_receivables
balance_sheet,BS_SERVICE_RELATED_RECEIVABLE,Phải thu các dịch vụ CTCK cung cấp,phai_thu_cac_dich_vu_ctck_cung_cap,phai_thu_cac_dich_vu_ctck_cung_cap,,9_service_related_receivable
balance_sheet,BS_PROVISION_FOR_DOUBTFUL_DEBTS,Dự phòng suy giảm giá trị các khoản phải thu,du_phong_suy_giam_gia_tri_cac_khoan_phai_thu,du_phong_suy_giam_gia_tri_cac_khoan_phai_thu,13_provision_for_doubtful_debts,13_provision_for_doubtful_debts
balance_sheet,BS_ADVANCES,Tạm ứng,tam_ung,tam_ung,,1_advances
balance_sheet,BS_OFFICE_SUPPLIES_TOOLS,"Vật tư văn phòng, công cụ, dụng cụ",vat_tu_van_phong_cong_cu_dung_cu,vat_tu_van_phong_cong_cu_dung_cu,2_office_supplies_tools,2_office_supplies_tools
balance_sheet,BS_PLEDGED_ASSETS_MORTGAGES_SECURITY_DEPOSITS_IN_SHORT_TERM,"Cầm cố, thế chấp, ký quỹ , ký cược ngắn hạn",cam_co_the_chap_ky_quy_ky_cuoc_ngan_han,cam_co_the_chap_ky_quy_ky_cuoc_ngan_han,4_pledged_assets_mortgages_security_deposits_in_short_term,4_pledged_assets_mortgages_security_deposits_in_short_term
balance_sheet,BS_LONG_TERM_FINANCIAL_ASSETS,Tài sản tài chính dài hạn,tai_san_tai_chinh_dai_han,tai_san_tai_chinh_dai_han,i_long_term_financial_assets,i_long_term_financial_assets
balance_sheet,BS_LONG_TERM_PLEDGED_ASSETS,"Cầm cố, thế chấp, kỹ quỹ, Ký cược dài hạn",cam_co_the_chap_ky_quy_ky_cuoc_dai_han,cam_co_the_chap_ky_quy_ky_cuoc_dai_han,1_pledged_assets_mortgages_security_deposits_in_long_term,1_pledged_assets_mortgages_security_deposits_in_long_term
balance_sheet,BS_SHORT_TERM_BORROWINGS_DETAIL,Vay ngắn hạn,vay_ngan_han,vay_ngan_han,1_1_short_term_borrowings,1_short_term_borrowings
balance_sheet,BS_SHORT_TERM_BONDS,Trái phiếu phát hành ngắn hạn,trai_phieu_phat_hanh_ngan_han,trai_phieu_phat_hanh_ngan_han,4_short_term_bonds,4_short_term_bonds
balance_sheet,BS_EMPLOYEE_WELFARE_PAYABLES,Các khoản trích nộp phúc lợi nhân viên,cac_khoan_trich_nop_phuc_loi_nhan_vien,cac_khoan_trich_nop_phuc_loi_nhan_vien,12_employee_welfare_payables,12_employee_welfare_payables
balance_sheet,BS_SHORT_TERM_DEPOSITS_RECEIVED,"Nhận ký quỹ, ký cược ngắn hạn",nhan_ky_quy_ky_cuoc_ngan_han,nhan_ky_quy_ky_cuoc_ngan_han,,16_short_term_deposits_collateral_received
balance_sheet,BS_LONG_TERM_BONDS,Trái phiếu phát hành dài hạn,trai_phieu_phat_hanh_dai_han,trai_phieu_phat_hanh_dai_han,4_long_term_bonds,"{'id': '4_long_term_bonds', 'votes': 5}"
balance_sheet,BS_LONG_TERM_DEPOSITS_COLLATERAL_RECEIVED,"Nhận ký quỹ, ký cược dài hạn",nhan_ky_quy_ky_cuoc_dai_han,nhan_ky_quy_ky_cuoc_dai_han,10_long_term_deposits_collateral_received,10_long_term_deposits_collateral_received
balance_sheet,BS_INVESTMENT_CAPITAL_FROM_OWNERS,Vốn đầu tư của chủ sở hữu,von_dau_tu_cua_chu_so_huu,von_dau_tu_cua_chu_so_huu,1_investment_capital_from_owners,1_investment_capital_from_owners
balance_sheet,BS_SUPPLEMENTARY_CAPITAL_RESERVE,Quỹ dự trữ bổ sung vốn điều lệ,quy_du_tru_bo_sung_von_dieu_le,quy_du_tru_bo_sung_von_dieu_le,4_supplementary_capital_reserve,4_supplementary_capital_reserve
balance_sheet,BS_REALIZED_PROFITS,Lợi nhuận đã thực hiện,loi_nhuan_da_thuc_hien,loi_nhuan_da_thuc_hien,,7_1_realised_profits
balance_sheet,BS_UNREALIZED_PROFITS,Lợi nhuận chưa thực hiện,loi_nhuan_chua_thuc_hien,loi_nhuan_chua_thuc_hien,,7_2_unrealised_losses
balance_sheet,BS_SHORT_TERM_INVESTMENTS,Đầu tư tài chính ngắn hạn,dau_tu_tai_chinh_ngan_han,dau_tu_tai_chinh_ngan_han,,ii_short_term_investments | ii_short_term_financial_investments
balance_sheet,BS_COMPULSORY_RESERVES,Quỹ dự trữ bắt buộc,quy_du_tru_bat_buoc,quy_du_tru_bat_buoc,9_compulsory_reserves,9_compulsory_reserves
balance_sheet,BS_HELD_TO_MATURITY_INVESTMENTS,Đầu tư nắm giữ đến ngày đáo hạn,held_to_maturity_investments,dau_tu_nam_giu_den_ngay_dao_han,5_long_term_held_to_maturity_investments,5_held_to_maturity_investments | 5_long_term_held_to_maturity_investments
balance_sheet,BS_UNALLOCATED_COMMISSIONS_EXPENSES,Chi phí hoa hồng chưa phân bổ,chi_phi_hoa_hong_chua_phan_bo,chi_phi_hoa_hong_chua_phan_bo,1_1_unallocated_commissions_expenses,1_1_unallocated_commissions_expenses
balance_sheet,BS_REINSURANCE_ASSETS,Tài sản tái bảo hiểm,tai_san_tai_bao_hiem,tai_san_tai_bao_hiem,viii_reinsurance_assets,viii_reinsurance_assets
balance_sheet,BS_REINSURANCE_ASSETS_FROM_UNEARNED_PREMIUM_RESERVES,Dự phòng phí nhượng tái bảo hiểm,du_phong_phi_nhuong_tai_bao_hiem,du_phong_phi_nhuong_tai_bao_hiem,1_reinsurance_assets_from_unearned_premium_reserves,1_reinsurance_assets_from_unearned_premium_reserves
balance_sheet,BS_REINSURANCE_ASSETS_FROM_CLAIM_RESERVES,Dự phòng bồi thường nhượng tái bảo hiểm,du_phong_boi_thuong_nhuong_tai_bao_hiem,du_phong_boi_thuong_nhuong_tai_bao_hiem,2_reinsurance_assets_from_claim_reserves,2_reinsurance_assets_from_claim_reserves
balance_sheet,BS_LONG_TERM_MARGIN_DEPOSITS,Ký quỹ bảo hiểm,ky_quy_bao_hiem,ky_quy_bao_hiem,3_long_term_margin_deposits,3_long_term_margin_deposits
balance_sheet,BS_OTHER_LONG_TERM_RECEIVABLES,Phải thu dài hạn khác,other_long_term_receivables,phai_thu_dai_han_khac,6_2_other_long_term_receivables,6_2_other_long_term_receivables
balance_sheet,BS_UNEARNED_COMMISSION_REVENUES,Doanh thu hoa hồng chưa được hưởng,doanh_thu_hoa_hong_chua_duoc_huong,doanh_thu_hoa_hong_chua_duoc_huong,9_unearned_commission_revenues,9_unearned_commission_revenues
balance_sheet,BS_INSURANCE_CONTRACT_RECEIVABLES,Phải thu về hợp đồng bảo hiểm,phai_thu_ve_hop_dong_bao_hiem,phai_thu_ve_hop_dong_bao_hiem,1_1_insurance_contract_receivables,1_1_insurance_contract_receivables
balance_sheet,BS_OTHER_RECEIVABLES_OF_CUSTOMERS,Phải thu khác của khách hàng,phai_thu_khac_cua_khach_hang,phai_thu_khac_cua_khach_hang,12_other_receivables_of_customers,12_other_receivables_of_customers
balance_sheet,BS_INSURANCE_CONTRACT_PAYABLE,Phải trả về hợp đồng bảo hiểm,phai_tra_ve_hop_dong_bao_hiem,phai_tra_ve_hop_dong_bao_hiem,2_1_insurance_contract_payable,2_1_insurance_contract_payable
balance_sheet,BS_OTHER_PAYABLES_TO_SUPPLIERS,Phải trả cho người bán,phai_tra_cho_nguoi_ban,phai_tra_cho_nguoi_ban,2_2_other_payables_to_suppliers,2_2_other_payables_to_suppliers
balance_sheet,BS_INSURANCE_RESERVES,Dự phòng nghiệp vụ bảo hiểm,du_phong_nghiep_vu_bao_hiem,du_phong_nghiep_vu_bao_hiem,,iii_reserves
balance_sheet,BS_UNEARNED_PREMIUM_RESERVE,Dự phòng phí chưa được hưởng,du_phong_phi_chua_duoc_huong,du_phong_phi_chua_duoc_huong,1_unearned_premium_reserve,1_unearned_premium_reserve
balance_sheet,BS_CLAIM_RESERVE,Dự phòng bồi thường,du_phong_boi_thuong,du_phong_boi_thuong,3_claim_reserve,3_claim_reserve
balance_sheet,BS_CATASTROPHE_RESERVE,Dự phòng dao động lớn,du_phong_dao_dong_lon,du_phong_dao_dong_lon,,4_catastrophe_reserve
balance_sheet,BS_OWNERS_EQUITY,Vốn và các quỹ,owners_equity,von_va_cac_quy,viii_capital_and_reserves,d_owner_s_equity | i_owner_s_equity
balance_sheet,BS_INVESTMENTS_IN_SUBSIDIARIES,Đầu tư vào công ty con,investments_in_subsidiaries,dau_tu_vao_cong_ty_con,,
balance_sheet,BS_SHORT_TERM_INTERCOMPANY_PAYABLES,Phải trả nội bộ,phai_tra_noi_bo,phai_tra_noi_bo,,
balance_sheet,BS_LONG_TERM_INTERCOMPANY_PAYABLES,Phải trả nội bộ dài hạn,phai_tra_noi_bo_dai_han,phai_tra_noi_bo_dai_han,,
balance_sheet,BS_LONG_TERM_INTERCOMPANY_RECEIVABLES,Phải thu nội bộ dài hạn,phai_thu_noi_bo_dai_han,phai_thu_noi_bo_dai_han,,
balance_sheet,BS_PREFERRED_SHARES_LIABILITY,Cổ phiếu ưu đãi,co_phieu_uu_dai,co_phieu_uu_dai,,
balance_sheet,BS_PREFERRED_SHARES_EQUITY,Cổ phiếu ưu đãi,co_phieu_uu_dai,co_phieu_uu_dai,,
balance_sheet,BS_SEVERANCE_PAY_PROVISION,Dự phòng trợ cấp thôi việc,du_phong_tro_cap_thoi_viec,du_phong_tro_cap_thoi_viec,,
balance_sheet,BS_ENTERPRISE_REORGANIZATION_SUPPORT_FUND,Quỹ hỗ trợ sắp xếp doanh nghiệp,quy_ho_tro_sap_xep_doanh_nghiep,quy_ho_tro_sap_xep_doanh_nghiep,,
balance_sheet,BS_BUDGET_SOURCES_FORMING_FIXED_ASSETS,Nguồn kinh phí đã hình thành TSCĐ,nguon_kinh_phi_da_hinh_thanh_tscd,nguon_kinh_phi_da_hinh_thanh_tscd,,
balance_sheet,BS_BOND_CONVERSION_OPTIONS,Quyền chọn chuyển đổi trái phiếu,quyen_chon_chuyen_doi_trai_phieu,quyen_chon_chuyen_doi_trai_phieu,,
balance_sheet,BS_GOVERNMENT_BOND_REPURCHASE_TRANSACTIONS,Giao dịch mua bán lại trái phiếu Chính phủ,giao_dich_mua_ban_lai_trai_phieu_chinh_phu,giao_dich_mua_ban_lai_trai_phieu_chinh_phu,,
balance_sheet,BS_WORKING_CAPITAL_IN_AFFILIATES,Vốn kinh doanh ở các đơn vị trực thuộc,von_kinh_doanh_o_cac_don_vi_truc_thuoc,von_kinh_doanh_o_cac_don_vi_truc_thuoc,,
balance_sheet,BS_INTERCOMPANY_PAYABLES_FOR_WORKING_CAPITAL,Phải trả nội bộ về vốn kinh doanh,phai_tra_noi_bo_ve_von_kinh_doanh,phai_tra_noi_bo_ve_von_kinh_doanh,,
balance_sheet,BS_INVENTORIES_GROSS,Hàng tồn kho,hang_ton_kho,hang_ton_kho,,1_inventories
balance_sheet,BS_INVENTORIES,Hàng tồn kho,inventories,hang_ton_kho,,1_inventories | iv_inventories
balance_sheet,BS_OFF_FIRM_AND_MANAGED_ASSETS,A. TÀI SẢN CỦA CÔNG TY CHỨNG KHOÁN (CTCK) VÀ TÀI SẢN QUẢN LÝ THEO CAM KẾT,a_tai_san_cua_cong_ty_chung_khoan_ctck_va_tai_san_quan_ly_theo_cam_ket,a_tai_san_cua_cong_ty_chung_khoan_ctck_va_tai_san_quan_ly_theo_cam_ket,,
balance_sheet,BS_OFF_LEASED_FIXED_ASSETS,Tài sản cố định thuê ngoài,tai_san_co_dinh_thue_ngoai,tai_san_co_dinh_thue_ngoai,,
balance_sheet,BS_OFF_VALUABLE_PAPERS_HELD_IN_CUSTODY,Chứng chỉ có giá nhận giữ hộ,chung_chi_co_gia_nhan_giu_ho,chung_chi_co_gia_nhan_giu_ho,,
balance_sheet,BS_OFF_MORTGAGED_ASSETS,Tài sản nhận thế chấp,tai_san_nhan_the_chap,tai_san_nhan_the_chap,,
balance_sheet,BS_OFF_BAD_DEBTS_WRITTEN_OFF,Nợ khó đòi đã xử lý,no_kho_doi_da_xu_ly,no_kho_doi_da_xu_ly,,
balance_sheet,BS_OFF_FOREIGN_CURRENCIES,Ngoại tệ các loại,ngoai_te_cac_loai,ngoai_te_cac_loai,,
balance_sheet,BS_OFF_OUTSTANDING_SHARES,Cổ phiếu đang lưu hành (Số lượng),co_phieu_dang_luu_hanh_so_luong,co_phieu_dang_luu_hanh_so_luong,,
balance_sheet,BS_OFF_TREASURY_SHARES,Cổ phiếu quỹ (Số lượng),co_phieu_quy_so_luong,co_phieu_quy_so_luong,,
balance_sheet,BS_OFF_FIRM_LISTED_FINANCIAL_ASSETS,Tài sản tài chính niêm yết/đăng ký giao dịch tại VSD của CTCK,tai_san_tai_chinh_niem_yet_dang_ky_giao_dich_tai_vsd_cua_ctck,tai_san_tai_chinh_niem_yet_dang_ky_giao_dich_tai_vsd_cua_ctck,,
balance_sheet,BS_OFF_FIRM_UNTRADED_FINANCIAL_ASSETS,Tài sản tài chính đã lưu ký tại VSD và chưa giao dịch của CTCK,tai_san_tai_chinh_da_luu_ky_tai_vsd_va_chua_giao_dich_cua_ctck,tai_san_tai_chinh_da_luu_ky_tai_vsd_va_chua_giao_dich_cua_ctck,,
balance_sheet,BS_OFF_FIRM_AWAITING_FINANCIAL_ASSETS,Tài sản tài chính chờ về của CTCK,tai_san_tai_chinh_cho_ve_cua_ctck,tai_san_tai_chinh_cho_ve_cua_ctck,,
balance_sheet,BS_OFF_FIRM_ERROR_CORRECTION_FINANCIAL_ASSETS,Tài sản tài chính sửa lỗi giao dịch của CTCK,tai_san_tai_chinh_sua_loi_giao_dich_cua_ctck,tai_san_tai_chinh_sua_loi_giao_dich_cua_ctck,,
balance_sheet,BS_OFF_FIRM_UNREGISTERED_FINANCIAL_ASSETS,Tài sản tài chính chưa lưu ký tại VSD của CTCK,tai_san_tai_chinh_chua_luu_ky_tai_vsd_cua_ctck,tai_san_tai_chinh_chua_luu_ky_tai_vsd_cua_ctck,,
balance_sheet,BS_OFF_FIRM_ENTITLED_FINANCIAL_ASSETS,Tài sản tài chính được hưởng quyền của CTCK,tai_san_tai_chinh_duoc_huong_quyen_cua_ctck,tai_san_tai_chinh_duoc_huong_quyen_cua_ctck,,
balance_sheet,BS_OFF_INVESTOR_MANAGED_ASSETS_AND_PAYABLES,B. TÀI SẢN VÀ CÁC KHOẢN PHẢI TRẢ VỀ TÀI SẢN QUẢN LÝ CAM KẾT VỚI KHÁCH HÀNG,b_tai_san_va_cac_khoan_phai_tra_ve_tai_san_quan_ly_cam_ket_voi_khach_hang,b_tai_san_va_cac_khoan_phai_tra_ve_tai_san_quan_ly_cam_ket_voi_khach_hang,,
balance_sheet,BS_OFF_INVESTOR_LISTED_FINANCIAL_ASSETS,Tài sản tài chính niêm yết/đăng ký giao dịch tại VSD của NĐT,tai_san_tai_chinh_niem_yet_dang_ky_giao_dich_tai_vsd_cua_ndt,tai_san_tai_chinh_niem_yet_dang_ky_giao_dich_tai_vsd_cua_ndt,,
balance_sheet,BS_OFF_INVESTOR_LISTED_FREELY_TRADABLE,Tài sản tài chính giao dịch tự do chuyển nhượng,tai_san_tai_chinh_giao_dich_tu_do_chuyen_nhuong,tai_san_tai_chinh_giao_dich_tu_do_chuyen_nhuong,,
balance_sheet,BS_OFF_INVESTOR_LISTED_RESTRICTED,Tài sản tài chính hạn chế chuyển nhượng,tai_san_tai_chinh_han_che_chuyen_nhuong,tai_san_tai_chinh_han_che_chuyen_nhuong,,
balance_sheet,BS_OFF_INVESTOR_LISTED_PLEDGED,Tài sản tài chính giao dịch cầm cố,tai_san_tai_chinh_giao_dich_cam_co,tai_san_tai_chinh_giao_dich_cam_co,,
balance_sheet,BS_OFF_INVESTOR_LISTED_BLOCKED,"Tài sản tài chính phong tỏa, tạm giữ",tai_san_tai_chinh_phong_toa_tam_giu,tai_san_tai_chinh_phong_toa_tam_giu,,
balance_sheet,BS_OFF_INVESTOR_LISTED_AWAITING_SETTLEMENT,Tài sản tài chính chờ thanh toán,tai_san_tai_chinh_cho_thanh_toan,tai_san_tai_chinh_cho_thanh_toan,,
balance_sheet,BS_OFF_INVESTOR_LISTED_AWAITING_LENDING,Tài sản tài chính chờ cho vay,tai_san_tai_chinh_cho_cho_vay,tai_san_tai_chinh_cho_cho_vay,,
balance_sheet,BS_OFF_INVESTOR_UNTRADED_FINANCIAL_ASSETS,Tài sản tài chính đã lưu ký tại VSD và chưa giao dịch của NĐT,tai_san_tai_chinh_da_luu_ky_tai_vsd_va_chua_giao_dich_cua_ndt,tai_san_tai_chinh_da_luu_ky_tai_vsd_va_chua_giao_dich_cua_ndt,,
balance_sheet,BS_OFF_INVESTOR_UNTRADED_FREELY_TRADABLE,"Tài sản tài chính đã lưu ký tại VSD và chưa giao dịch, tự do chuyển nhượng",tai_san_tai_chinh_da_luu_ky_tai_vsd_va_chua_giao_dich_tu_do_chuyen_nhuong,tai_san_tai_chinh_da_luu_ky_tai_vsd_va_chua_giao_dich_tu_do_chuyen_nhuong,,
balance_sheet,BS_OFF_INVESTOR_UNTRADED_RESTRICTED,"Tài sản tài chính đã lưu ký tại VSD và chưa giao dịch, hạn chế chuyển nhượng",tai_san_tai_chinh_da_luu_ky_tai_vsd_va_chua_giao_dich_han_che_chuyen_nhuong,tai_san_tai_chinh_da_luu_ky_tai_vsd_va_chua_giao_dich_han_che_chuyen_nhuong,,
balance_sheet,BS_OFF_INVESTOR_UNTRADED_PLEDGED,"Tài sản tài chính đã lưu ký tại VSD và chưa giao dịch, cầm cố",tai_san_tai_chinh_da_luu_ky_tai_vsd_va_chua_giao_dich_cam_co,tai_san_tai_chinh_da_luu_ky_tai_vsd_va_chua_giao_dich_cam_co,,
balance_sheet,BS_OFF_INVESTOR_UNTRADED_BLOCKED,"Tài sản tài chính đã lưu ký tại VSD và chưa giao dịch, phong tỏa, tạm giữ",tai_san_tai_chinh_da_luu_ky_tai_vsd_va_chua_giao_dich_phong_toa_tam_giu,tai_san_tai_chinh_da_luu_ky_tai_vsd_va_chua_giao_dich_phong_toa_tam_giu,,
balance_sheet,BS_OFF_INVESTOR_AWAITING_FINANCIAL_ASSETS,Tài sản tài chính chờ về của NĐT,tai_san_tai_chinh_cho_ve_cua_ndt,tai_san_tai_chinh_cho_ve_cua_ndt,,
balance_sheet,BS_OFF_INVESTOR_ERROR_CORRECTION_FINANCIAL_ASSETS,Tài sản tài chính sửa lỗi giao dịch của NĐT,tai_san_tai_chinh_sua_loi_giao_dich_cua_ndt,tai_san_tai_chinh_sua_loi_giao_dich_cua_ndt,,
balance_sheet,BS_OFF_INVESTOR_UNREGISTERED_FINANCIAL_ASSETS,Tài sản tài chính chưa lưu ký tại VSD của NĐT,tai_san_tai_chinh_chua_luu_ky_tai_vsd_cua_ndt,tai_san_tai_chinh_chua_luu_ky_tai_vsd_cua_ndt,,
balance_sheet,BS_OFF_INVESTOR_ENTITLED_FINANCIAL_ASSETS,Tài sản tài chính được hưởng quyền của Nhà đầu tư,tai_san_tai_chinh_duoc_huong_quyen_cua_nha_dau_tu,tai_san_tai_chinh_duoc_huong_quyen_cua_nha_dau_tu,,
balance_sheet,BS_OFF_CUSTOMER_DEPOSITS,Tiền gửi của khách hàng,tien_gui_cua_khach_hang,tien_gui_cua_khach_hang,,
balance_sheet,BS_OFF_INVESTOR_TRADING_DEPOSITS,Tiền gửi của Nhà đầu tư về giao dịch chứng khoán,tien_gui_cua_nha_dau_tu_ve_giao_dich_chung_khoan,tien_gui_cua_nha_dau_tu_ve_giao_dich_chung_khoan,,
balance_sheet,BS_OFF_GENERAL_TRADING_DEPOSITS,Tiền gửi tổng hợp giao dịch chứng khoán cho khách hàng,tien_gui_tong_hop_giao_dich_chung_khoan_cho_khach_hang,tien_gui_tong_hop_giao_dich_chung_khoan_cho_khach_hang,,
balance_sheet,BS_OFF_CLEARING_DEPOSITS,Tiền gửi bù trừ và thanh toán giao dịch chứng khoán,tien_gui_bu_tru_va_thanh_toan_giao_dich_chung_khoan,tien_gui_bu_tru_va_thanh_toan_giao_dich_chung_khoan,,
balance_sheet,BS_OFF_CLEARING_DEPOSITS_DOMESTIC,Tiền gửi bù trừ và thanh toán giao dịch chứng khoán Nhà đầu tư trong nước,tien_gui_bu_tru_va_thanh_toan_giao_dich_chung_khoan_nha_dau_tu_trong_nuoc,tien_gui_bu_tru_va_thanh_toan_giao_dich_chung_khoan_nha_dau_tu_trong_nuoc,,
balance_sheet,BS_OFF_CLEARING_DEPOSITS_FOREIGN,Tiền gửi bù trừ và thanh toán giao dịch chứng khoán Nhà đầu tư nước ngoài,tien_gui_bu_tru_va_thanh_toan_giao_dich_chung_khoan_nha_dau_tu_nuoc_ngoai,tien_gui_bu_tru_va_thanh_toan_giao_dich_chung_khoan_nha_dau_tu_nuoc_ngoai,,
balance_sheet,BS_OFF_ISSUER_DEPOSITS,Tiền gửi của Tổ chức phát hành chứng khoán,tien_gui_cua_to_chuc_phat_hanh_chung_khoan,tien_gui_cua_to_chuc_phat_hanh_chung_khoan,,
balance_sheet,BS_OFF_PAYABLES_INVESTOR_DEPOSITS,Phải trả Nhà đầu tư về tiền gửi giao dịch chứng khoán theo phương thức CTCK quản lý,phai_tra_nha_dau_tu_ve_tien_gui_giao_dich_chung_khoan_theo_phuong_thuc_ctck_quan_ly,phai_tra_nha_dau_tu_ve_tien_gui_giao_dich_chung_khoan_theo_phuong_thuc_ctck_quan_ly,,
balance_sheet,BS_OFF_PAYABLES_INVESTOR_DEPOSITS_DOMESTIC,Phải trả Nhà đầu tư trong nước về tiền gửi giao dịch chứng khoán theo phương thức CTCK quản lý,phai_tra_nha_dau_tu_trong_nuoc_ve_tien_gui_giao_dich_chung_khoan_theo_phuong_thuc_ctck_quan_ly,phai_tra_nha_dau_tu_trong_nuoc_ve_tien_gui_giao_dich_chung_khoan_theo_phuong_thuc_ctck_quan_ly,,
balance_sheet,BS_OFF_PAYABLES_INVESTOR_DEPOSITS_FOREIGN,Phải trả Nhà đầu tư nước ngoài về tiền gửi giao dịch chứng khoán theo phương thức CTCK quản lý,phai_tra_nha_dau_tu_nuoc_ngoai_ve_tien_gui_giao_dich_chung_khoan_theo_phuong_thuc_ctck_quan_ly,phai_tra_nha_dau_tu_nuoc_ngoai_ve_tien_gui_giao_dich_chung_khoan_theo_phuong_thuc_ctck_quan_ly,,
balance_sheet,BS_OFF_PAYABLES_ISSUER,Phải trả Tổ chức phát hành chứng khoán,phai_tra_to_chuc_phat_hanh_chung_khoan,phai_tra_to_chuc_phat_hanh_chung_khoan,,
balance_sheet,BS_OFF_CUSTOMER_ERROR_CORRECTION_RECEIVABLES_PAYABLES,Phải thu/phải trả của khách hàng về lỗi giao dịch các tài sản tài chính,phai_thu_phai_tra_cua_khach_hang_ve_loi_giao_dich_cac_tai_san_tai_chinh,phai_thu_phai_tra_cua_khach_hang_ve_loi_giao_dich_cac_tai_san_tai_chinh,,
balance_sheet,BS_OFF_PAYABLES_BROKERAGE_LOANS,Phải trả vay CTCK,phai_tra_vay_ctck,phai_tra_vay_ctck,,
balance_sheet,BS_OFF_PAYABLES_DIVIDENDS_PRINCIPAL_INTEREST,"Phải trả cổ tức, gốc và lãi trái phiếu",phai_tra_co_tuc_goc_va_lai_trai_phieu,phai_tra_co_tuc_goc_va_lai_trai_phieu,,
cash_flow,CF_PROFIT_BEFORE_TAX,Lợi nhuận trước thuế,profit_before_tax,loi_nhuan_truoc_thue,1_profit_before_tax,"{'id': 'profit_before_tax', 'invert': False}"
cash_flow,CF_DEPRECIATION_AND_AMORTISATION,Khấu hao TSCĐ và BĐSĐT,khau_hao_tscd_va_bdsdt,khau_hao_tscd_va_bdsdt,depreciation_of_fixed_assets_and_investment_properties | depreciation_of_fixed_assets_and_properties_investment,depreciation_and_amortization | depreciation_of_fixed_assets_and_investment_properties
cash_flow,CF_PROVISIONS,Các khoản dự phòng,cac_khoan_du_phong,cac_khoan_du_phong,reversal_of_provisions_provisions,"{'id': 'reversal_of_provisions_provisions', 'invert': False}"
cash_flow,CF_FOREIGN_EXCHANGE_LOSS_GAIN,"Lãi, lỗ chênh lệch tỷ giá hối đoái do đánh giá lại các khoản mục tiền tệ có gốc ngoại tệ",lai_lo_chenh_lech_ty_gia_hoi_doai_do_danh_gia_lai_cac_khoan_muc_tien_te_co_goc_ngoai_te,lai_lo_chenh_lech_ty_gia_hoi_doai_do_danh_gia_lai_cac_khoan_muc_tien_te_co_goc_ngoai_te,unrealized_foreign_exchange_gains_losses | unrealized_foreign_exchange_gain_loss | foreign_exchange_gain_loss_from_revaluation_of_monetary_items_denominated_in_foreign_currencies,unrealized_foreign_exchange_gains_losses | foreign_exchange_gain_loss_from_revaluation_of_monetary_items_denominated_in_foreign_currencies
cash_flow,CF_LOSS_GAIN_FROM_DISPOSAL_OF_FIXED_ASSETS,Lãi/(lỗ) từ thanh lý tài sản cố định,lai_lo_tu_thanh_ly_tai_san_co_dinh,lai_lo_tu_thanh_ly_tai_san_co_dinh,losses_from_disposals_of_fixed_assets | gains_from_disposal_from_fixed_assets_investment_property,"{'id': 'loss_profits_from_disposal_of_fixed_asset', 'invert': False}"
cash_flow,CF_LOSS_GAIN_FROM_INVESTMENT,"Lãi, lỗ từ hoạt động đầu tư",lai_lo_tu_hoat_dong_dau_tu,lai_lo_tu_hoat_dong_dau_tu,loss_profits_from_other_investing_activities | loss_profit_from_investment_activities | gains_losses_from_investing_and_financing_activities,loss_profits_from_other_investing_activities | gains_losses_from_investing_and_financing_activities
cash_flow,CF_INTEREST_EXPENSE,Chi phí lãi vay,chi_phi_lai_vay,chi_phi_lai_vay,borrowing_costs,interest_expense | borrowing_costs
cash_flow,CF_INTEREST_AND_DIVIDENDS_RECEIVED,Thu lãi và cổ tức,thu_lai_va_co_tuc,thu_lai_va_co_tuc,interest_income_and_dividends | accrued_interest_income,"{'id': 'interest_income_and_dividends', 'invert': False}"
cash_flow,CF_OPERATING_PROFIT_BEFORE_CHANGES_IN_WORKING_CAPITAL,Lợi nhuận từ hoạt động kinh doanh trước thay đổi vốn lưu động,loi_nhuan_tu_hoat_dong_kinh_doanh_truoc_thay_doi_von_luu_dong,loi_nhuan_tu_hoat_dong_kinh_doanh_truoc_thay_doi_von_luu_dong,cash_flow_from_operating_activities_before_changes_in_operating_assets_and_liabilities | 3_operating_profit_before_changes_in_working_capital,"{'id': 'cash_flow_from_operating_activities_before_changes_in_operating_assets_and_liabilities', 'invert': False}"
cash_flow,CF_INCREASE_DECREASE_IN_RECEIVABLES,"Tăng, giảm các khoản phải thu",tang_giam_cac_khoan_phai_thu,tang_giam_cac_khoan_phai_thu,increases_decreases_in_other_receivables | increase_decrease_in_receivables | 1_increase_decrease_in_receivables,"{'id': 'increase_decrease_in_receivables', 'invert': False}"
cash_flow,CF_INCREASE_DECREASE_IN_INVENTORY,"Tăng, giảm hàng tồn kho",tang_giam_hang_ton_kho,tang_giam_hang_ton_kho,increase_decrease_in_inventories | 2_increase_decrease_in_inventories,"{'id': 'increase_decrease_in_inventories', 'invert': False}"
cash_flow,CF_INCREASE_DECREASE_IN_PAYABLES,"Tăng, giảm các khoản phải thu",tang_giam_cac_khoan_phai_thu,tang_giam_cac_khoan_phai_thu,increases_dcreases_in_other_payables,increase_decrease_in_payables_other_than_interest_corporate_income_tax | increase_decrease_in_payables_excluding_interest_payables_and_corporate_income_tax_payables
cash_flow,CF_INCREASE_DECREASE_IN_PREPAID_EXPENSES,"Tăng, giảm chi phí trả trước",tang_giam_chi_phi_tra_truoc,tang_giam_chi_phi_tra_truoc,increase_decrease_in_prepaid_expenses | 4_increase_decrease_in_prepaid_expenses | increase_decrease_in_deferred_expenses,increase_decrease_in_prepaid_expenses | increase_decrease_in_deferred_expenses
cash_flow,CF_INTEREST_PAID,Tiền lãi vay đã trả,tien_lai_vay_da_tra,tien_lai_vay_da_tra,interest_paid | 13_interest_paid | 5_interest_paid | interest_expenses_paid | 4_interest_paid,interest_paid | interest_expenses_paid
cash_flow,CF_CORPORATE_INCOME_TAX_PAID,Tiền thuế thu nhập thực nộp trong kỳ,tien_thue_thu_nhap_thuc_nop_trong_ky,tien_thue_thu_nhap_thuc_nop_trong_ky,,"{'id': 'corporate_income_tax_paid_for_the_period', 'invert': False}"
cash_flow,CF_OTHER_RECEIPTS_FROM_OPERATING_ACTIVITIES,Tiền thu khác từ hoạt động kinh doanh,tien_thu_khac_tu_hoat_dong_kinh_doanh,tien_thu_khac_tu_hoat_dong_kinh_doanh,7_other_receipts_from_financing_activities | 9_other_receipts_from_investing_activities | other_receipts_from_operating_activities | 8_other_receipts_from_investing_activities | 19_other_receipts_from_operating_activities | 3_receipts_from_operating_activities | 8_other_receipts_from_financing_activities | 12_other_receipts_from_operating_activities | 7_other_receipts_from_operating_activities | 6_other_receipts_from_investing_activities | 10_other_receipts_from_investing_activities | 6_other_receipts_from_operating_activities,
cash_flow,CF_OTHER_PAYMENTS_FOR_OPERATING_ACTIVITIES,Tiền chi khác cho hoạt động kinh doanh,tien_chi_khac_cho_hoat_dong_kinh_doanh,tien_chi_khac_cho_hoat_dong_kinh_doanh,10_other_payments_for_investing_activities | other_payments_for_operating_activities | 20_other_payments_for_operating_activities | 9_other_payments_for_investing_activities | 13_other_payments_for_operating_activities | 8_other_payments_for_operating_activities | 7_other_payments_for_investing_activities | 11_other_payments_for_investing_activities | 7_other_payments_for_operating_activities,
cash_flow,CF_NET_CASH_FLOWS_FROM_OPERATING_ACTIVITIES,Lưu chuyển tiền thuần từ hoạt động kinh doanh,net_cash_flows_from_operating_activities,luu_chuyen_tien_thuan_tu_hoat_dong_kinh_doanh,net_cash_flows_from_operating_activities | net_cash_flows_from_securities_trading_activities,net_cash_flows_from_operating_activities | net_cash_flows_from_securities_trading_activities
cash_flow,CF_PAYMENTS_FOR_FIXED_ASSETS,"Tiền chi để mua sắm, xây dựng TSCĐ và các tài sản dài hạn khác",tien_chi_de_mua_sam_xay_dung_tscd_va_cac_tai_san_dai_han_khac,tien_chi_de_mua_sam_xay_dung_tscd_va_cac_tai_san_dai_han_khac,1_purchase_of_fixed_assets | 1_payment_for_fixed_assets_constructions_and_other_long_term_assets,purchase_of_fixed_assets | payment_for_fixed_assets_constructions_and_other_long_term_assets
cash_flow,CF_PROCEEDS_FROM_DISPOSAL_OF_FIXED_ASSETS,"Tiền thu từ thanh lý, nhượng bán TSCĐ và các tài sản dài hạn khác",tien_thu_tu_thanh_ly_nhuong_ban_tscd_va_cac_tai_san_dai_han_khac,tien_thu_tu_thanh_ly_nhuong_ban_tscd_va_cac_tai_san_dai_han_khac,2_receipts_from_disposal_of_fixed_assets | 2_proceeds_from_disposals_of_fixed_assets_and_other_long_term_assets | 2_receipts_from_disposal_of_fixed_assets_and_other_long_term_assets,receipts_from_disposal_of_fixed_assets | proceeds_from_disposals_of_fixed_assets_and_other_long_term_assets
cash_flow,CF_LOANS_TO_OTHER_ENTITIES,"Tiền chi cho vay, mua các công cụ nợ của đơn vị khác",tien_chi_cho_vay_mua_cac_cong_cu_no_cua_don_vi_khac,tien_chi_cho_vay_mua_cac_cong_cu_no_cua_don_vi_khac,,
cash_flow,CF_COLLECTION_OF_LOANS,"Tiền thu hồi cho vay, bán lại các công cụ nợ của đơn vị khác",tien_thu_hoi_cho_vay_ban_lai_cac_cong_cu_no_cua_don_vi_khac,tien_thu_hoi_cho_vay_ban_lai_cac_cong_cu_no_cua_don_vi_khac,,
cash_flow,CF_PAYMENTS_FOR_INVESTMENTS_IN_OTHER_ENTITIES,Tiền chi đầu tư góp vốn vào đơn vị khác,tien_chi_dau_tu_gop_von_vao_don_vi_khac,tien_chi_dau_tu_gop_von_vao_don_vi_khac,7_payments_for_investment_in_other_entities | 5_payments_for_investment_in_other_entities,"{'id': 'payments_for_investment_in_other_entities', 'invert': False}"
cash_flow,CF_PROCEEDS_FROM_INVESTMENTS_IN_OTHER_ENTITIES,Tiền thu hồi đầu tư góp vốn vào đơn vị khác,tien_thu_hoi_dau_tu_gop_von_vao_don_vi_khac,tien_thu_hoi_dau_tu_gop_von_vao_don_vi_khac,6_collections_on_investment_in_other_entities | 1_proceeds_from_investments_in_other_entities,"{'id': 'collections_on_investment_in_other_entities', 'invert': False}"
cash_flow,CF_DIVIDENDS_AND_INTEREST_RECEIVED,"Tiền thu lãi cho vay, cổ tức và lợi nhuận được chia",tien_thu_lai_cho_vay_co_tuc_va_loi_nhuan_duoc_chia,tien_thu_lai_cho_vay_co_tuc_va_loi_nhuan_duoc_chia,9_dividends_and_profit_received | 7_dividends_interest_and_profit_received,"{'id': 'dividends_and_profit_received', 'invert': False}"
cash_flow,CF_NET_CASH_FLOWS_FROM_INVESTING_ACTIVITIES,Lưu chuyển tiền thuần từ hoạt động đầu tư,net_cash_flows_from_investing_activities,luu_chuyen_tien_thuan_tu_hoat_dong_dau_tu,ii_cash_flows_from_investing_activities | net_cash_flows_from_investing_activities | ii_cash_flow_from_investing_activities,"{'id': 'net_cash_flows_from_investing_activities', 'invert': False}"
cash_flow,CF_PROCEEDS_FROM_ISSUANCE_OF_SHARES,"Tiền thu từ phát hành cổ phiếu, nhận vốn góp của chủ sở hữu",tien_thu_tu_phat_hanh_co_phieu_nhan_von_gop_cua_chu_so_huu,tien_thu_tu_phat_hanh_co_phieu_nhan_von_gop_cua_chu_so_huu,,"{'id': 'receipts_from_equity_issue_and_owner_s_capital_contribution', 'invert': False}"
cash_flow,CF_PAYMENTS_FOR_SHARE_REPURCHASES,"Tiền trả lại vốn góp cho các chủ sở hữu, mua lại cổ phiếu  của doanh nghiệp đã phát hành",tien_tra_lai_von_gop_cho_cac_chu_so_huu_mua_lai_co_phieu_cua_doanh_nghiep_da_phat_hanh,tien_tra_lai_von_gop_cho_cac_chu_so_huu_mua_lai_co_phieu_cua_doanh_nghiep_da_phat_hanh,,"{'id': 'payment_for_share_repurchases', 'invert': False}"
cash_flow,CF_PROCEEDS_FROM_BORROWINGS,Tiền thu từ đi vay,tien_thu_tu_di_vay,tien_thu_tu_di_vay,3_proceeds_from_borrowings,"{'id': 'short_term_and_long_term_borrowings', 'invert': False}"
cash_flow,CF_REPAYMENT_OF_BORROWINGS,Tiền trả nợ gốc vay,tien_tra_no_goc_vay,tien_tra_no_goc_vay,,
cash_flow,CF_PAYMENTS_FOR_FINANCE_LEASES,Tiền trả nợ gốc thuê tài chính,tien_tra_no_goc_thue_tai_chinh,tien_tra_no_goc_thue_tai_chinh,,
cash_flow,CF_DIVIDENDS_PAID,"Cổ tức, lợi nhuận đã trả cho chủ sở hữu",co_tuc_loi_nhuan_da_tra_cho_chu_so_huu,co_tuc_loi_nhuan_da_tra_cho_chu_so_huu,6_dividends_paid_profits_distributed_to_owners,receipts_from_issue_of_valuable_papers_qualified_as_owner_s_capital_and_other_long_term_borrowings | dividends_paid_profits_distributed_to_owners
cash_flow,CF_NET_CASH_FLOWS_FROM_FINANCING_ACTIVITIES,Lưu chuyển tiền thuần từ hoạt động tài chính,net_cash_flows_from_financing_activities,luu_chuyen_tien_thuan_tu_hoat_dong_tai_chinh,,net_cash_flows_from_financing_activities | dividends_paid_profits_distributed_to_owners
cash_flow,CF_NET_CASH_FLOWS_DURING_THE_PERIOD,Lưu chuyển tiền thuần trong kỳ,net_cash_flows_during_the_period,luu_chuyen_tien_thuan_trong_ky,iii_cash_flows_from_financing_activities | net_cash_flows_from_financing_activities | iii_cash_flow_from_financing_activities,net_cash_flows_from_financing_activities | dividends_paid_profits_distributed_to_owners
cash_flow,CF_CASH_AND_CASH_EQUIVALENTS_AT_BEGINNING_OF_PERIOD,Tiền và tương đương tiền đầu kỳ,tien_va_tuong_duong_tien_dau_ky,tien_va_tuong_duong_tien_dau_ky,net_cash_flows_during_the_period | iv_net_cash_flows_during_the_period,cash_and_cash_equivalents_at_beginning_of_the_period | cash_and_cash_equivalents_at_begingning_of_the_period
cash_flow,CF_EFFECT_OF_FOREIGN_EXCHANGE_DIFFERENCES,Ảnh hưởng của thay đổi tỷ giá hối đoái quy đổi ngoại tệ,anh_huong_cua_thay_doi_ty_gia_hoi_doai_quy_doi_ngoai_te,anh_huong_cua_thay_doi_ty_gia_hoi_doai_quy_doi_ngoai_te,cash_and_cash_equivalents_at_beginning_of_the_period | v_cash_and_cash_equivalents_at_begingning_of_the_period | cash_at_bank | v_cash_and_cash_equivalents_at_beginning_of_the_period,"{'id': 'cash_and_cash_equivalents_at_beginning_of_the_period', 'invert': False}"
cash_flow,CF_CASH_AND_CASH_EQUIVALENTS_AT_END_OF_PERIOD,Tiền và tương đương tiền cuối kỳ,tien_va_tuong_duong_tien_cuoi_ky,tien_va_tuong_duong_tien_cuoi_ky,,cash_and_cash_equivalents_at_end_of_the_period | cash_and_cash_equivalents_at_end_of_period
cash_flow,CF_DEPRECIATION_AMORTIZATION,Phân bổ lợi thế thương mại,phan_bo_loi_the_thuong_mai,phan_bo_loi_the_thuong_mai,allocation_of_goodwill,
cash_flow,CF_CASH_AND_CASH_EQUIVALENTS_AT_BEGINNING_OF_PERIOD_RESTATED,Tiền và tương đương tiền đầu kỳ (Điều chỉnh lại),tien_va_tuong_duong_tien_dau_ky_dieu_chinh_lai,tien_va_tuong_duong_tien_dau_ky_dieu_chinh_lai,adjustments_for | 21_other_adjustments | other_adjustments,
cash_flow,CF_CASH_AND_CASH_EQUIVALENTS_AT_END_OF_PERIOD_RESTATED,Tiền và tương đương tiền cuối kỳ (Điều chỉnh lại),tien_va_tuong_duong_tien_cuoi_ky_dieu_chinh_lai,tien_va_tuong_duong_tien_cuoi_ky_dieu_chinh_lai,increase_decrease_in_held_for_trading_securities | changes_in_available_for_sale_securities,
cash_flow,CF_INTEREST_AND_SIMILAR_INCOME_RECEIVED,Thu nhập lãi và các khoản thu nhập tương tự nhận được,thu_nhap_lai_va_cac_khoan_thu_nhap_tuong_tu_nhan_duoc,thu_nhap_lai_va_cac_khoan_thu_nhap_tuong_tu_nhan_duoc,,"{'id': 'receipts_from_interest_and_similar_income', 'invert': False}"
cash_flow,CF_INTEREST_AND_SIMILAR_EXPENSES_PAID,Chi phí lãi và các chi phí tương tự đã trả,chi_phi_lai_va_cac_chi_phi_tuong_tu_da_tra,chi_phi_lai_va_cac_chi_phi_tuong_tu_da_tra,,"{'id': 'payments_for_interest_and_similar_expenses', 'invert': False}"
cash_flow,CF_NET_FEE_AND_COMMISSION_RECEIPTS,Thu nhập từ hoạt động dịch vụ nhận được,thu_nhap_tu_hoat_dong_dich_vu_nhan_duoc,thu_nhap_tu_hoat_dong_dich_vu_nhan_duoc,,"{'id': 'receipts_from_fee_and_commission_income', 'invert': False}"
cash_flow,CF_NET_RECEIPTS_FROM_FOREIGN_EXCHANGE_AND_GOLD_TRADING,Thu nhập thuần từ hoạt động kinh doanh ngoại hối và vàng,thu_nhap_thuan_tu_hoat_dong_kinh_doanh_ngoai_hoi_va_vang,thu_nhap_thuan_tu_hoat_dong_kinh_doanh_ngoai_hoi_va_vang,,
cash_flow,CF_NET_RECEIPTS_FROM_SECURITIES_TRADING,Thu nhập từ hoạt động kinh doanh chứng khoán,thu_nhap_tu_hoat_dong_kinh_doanh_chung_khoan,thu_nhap_tu_hoat_dong_kinh_doanh_chung_khoan,,"{'id': 'net_cash_inflow_from_trading_activities_in_foreign_currencies_gold_and_securities', 'invert': False}"
cash_flow,CF_OTHER_OPERATING_RECEIPTS,Thu nhập khác,thu_nhap_khac,thu_nhap_khac,,"{'id': 'receipts_from_other_income', 'invert': False}"
cash_flow,CF_PAYMENTS_TO_EMPLOYEES_AND_FOR_ADMINISTRATIVE_EXPENSES,"Tiền chi trả cho nhân viên và hoạt động quản lý, công cụ",tien_chi_tra_cho_nhan_vien_va_hoat_dong_quan_ly_cong_cu,tien_chi_tra_cho_nhan_vien_va_hoat_dong_quan_ly_cong_cu,,"{'id': 'payments_for_staff_costs_and_operating_expenses', 'invert': False}"
cash_flow,CF_INCREASE_DECREASE_IN_BALANCES_WITH_SBV,Tiền gửi tại NHNN,tien_gui_tai_nhnn,tien_gui_tai_nhnn,,
cash_flow,CF_INCREASE_DECREASE_IN_PLACEMENTS_AND_LOANS_TO_CREDIT_INSTITUTIONS,Tăng/giảm các khoản tiền gửi và cho vay các tổ chức tín dụng khác,tang_giam_cac_khoan_tien_gui_va_cho_vay_cac_to_chuc_tin_dung_khac,tang_giam_cac_khoan_tien_gui_va_cho_vay_cac_to_chuc_tin_dung_khac,,"{'id': 'increase_decrease_in_placements_with_and_loans_to_other_credit_institutions', 'invert': False}"
cash_flow,CF_INCREASE_DECREASE_IN_TRADING_SECURITIES,Tăng/giảm các khoản về kinh doanh chứng khoán,tang_giam_cac_khoan_ve_kinh_doanh_chung_khoan,tang_giam_cac_khoan_ve_kinh_doanh_chung_khoan,,"{'id': 'increase_decrease_in_trading_securities_and_investment_securities', 'invert': False}"
cash_flow,CF_INCREASE_DECREASE_IN_DERIVATIVES_AND_OTHER_FINANCIAL_ASSETS,Tăng/giảm các công cụ tài chính phái sinh và các tài sản tài chính khác,tang_giam_cac_cong_cu_tai_chinh_phai_sinh_va_cac_tai_san_tai_chinh_khac,tang_giam_cac_cong_cu_tai_chinh_phai_sinh_va_cac_tai_san_tai_chinh_khac,,"{'id': 'increase_decrease_in_derivatives_and_other_financial_assets', 'invert': False}"
cash_flow,CF_INCREASE_DECREASE_IN_LOANS_TO_CUSTOMERS,Tăng/giảm các khoản cho vay khách hàng,tang_giam_cac_khoan_cho_vay_khach_hang,tang_giam_cac_khoan_cho_vay_khach_hang,,"{'id': 'increase_decrease_in_loans_and_advances_to_customers', 'invert': False}"
cash_flow,CF_INCREASE_DECREASE_IN_INTEREST_AND_FEE_RECEIVABLES,"(Tăng)/Giảm lãi, phí phải thu",tang_giam_lai_phi_phai_thu,tang_giam_lai_phi_phai_thu,,
cash_flow,CF_INCREASE_DECREASE_IN_PROVISION_FOR_LOSSES,Tăng/giảm nguồn dự phòng để bù đắp tổn thất các khoản,tang_giam_nguon_du_phong_de_bu_dap_ton_that_cac_khoan,tang_giam_nguon_du_phong_de_bu_dap_ton_that_cac_khoan,,"{'id': 'decrease_increase_in_provisions_for_damages', 'invert': False}"
cash_flow,CF_INCREASE_DECREASE_IN_OTHER_OPERATING_ASSETS,Tăng/giảm khác về tài sản hoạt động,tang_giam_khac_ve_tai_san_hoat_dong,tang_giam_khac_ve_tai_san_hoat_dong,,"{'id': 'increase_decrease_in_other_operating_assets', 'invert': False}"
cash_flow,CF_INCREASE_DECREASE_IN_DUE_TO_GOVERNMENT_AND_SBV,Tăng/(Giảm) các khoản nợ chính phủ và NHNN,tang_giam_cac_khoan_no_chinh_phu_va_nhnn,tang_giam_cac_khoan_no_chinh_phu_va_nhnn,,"{'id': 'increase_decrease_in_due_to_the_government_and_borrowings_from_state_bank_of_vietnam', 'invert': False}"
cash_flow,CF_INCREASE_DECREASE_IN_PLACEMENTS_AND_BORROWINGS_FROM_CREDIT_INSTITUTIONS,Tăng/(Giảm) các khoản tiền gửi và vay các TCTD khác,tang_giam_cac_khoan_tien_gui_va_vay_cac_tctd_khac,tang_giam_cac_khoan_tien_gui_va_vay_cac_tctd_khac,,"{'id': 'increase_decrease_in_placements_and_borrowings_from_other_credit_institutions', 'invert': False}"
cash_flow,CF_INCREASE_DECREASE_IN_CUSTOMER_DEPOSITS,Tăng/(Giảm) tiền gửi của khách hàng,tang_giam_tien_gui_cua_khach_hang,tang_giam_tien_gui_cua_khach_hang,,"{'id': 'increase_decrease_in_deposit_from_customers_including_the_state_treasury', 'invert': False}"
cash_flow,CF_INCREASE_DECREASE_IN_DERIVATIVES_AND_OTHER_FINANCIAL_LIABILITIES,Tăng/(Giảm) các công cụ tài chính phái sinh và các khoản nợ tài chính khác,tang_giam_cac_cong_cu_tai_chinh_phai_sinh_va_cac_khoan_no_tai_chinh_khac,tang_giam_cac_cong_cu_tai_chinh_phai_sinh_va_cac_khoan_no_tai_chinh_khac,,"{'id': 'increase_decrease_in_derivatives_and_other_financial_liabilities', 'invert': False}"
cash_flow,CF_INCREASE_DECREASE_IN_FUNDS_AND_ENTRUSTED_INVESTMENTS,"Tăng/(Giảm) vốn tài trợ, uỷ thác đầu tư của chính phủ và các TCTD khác",tang_giam_von_tai_tro_uy_thac_dau_tu_cua_chinh_phu_va_cac_tctd_khac,tang_giam_von_tai_tro_uy_thac_dau_tu_cua_chinh_phu_va_cac_tctd_khac,,"{'id': 'increase_decrease_in_funds_received_from_government_institutions_investments_on_behalf_of_investors_and_syndicated_loans_of_the_bank_s_risks', 'invert': False}"
cash_flow,CF_INCREASE_DECREASE_IN_VALUABLE_PAPERS_ISSUED,Tăng/(Giảm) phát hành giấy tờ có giá,tang_giam_phat_hanh_giay_to_co_gia,tang_giam_phat_hanh_giay_to_co_gia,,"{'id': 'increase_decrease_in_valuable_papers_issued_excluding_valuable_papers_categorized_under_financing_activities', 'invert': False}"
cash_flow,CF_INCREASE_DECREASE_IN_INTEREST_AND_FEE_PAYABLES,"Tăng/(Giảm) lãi, phí phải trả",tang_giam_lai_phi_phai_tra,tang_giam_lai_phi_phai_tra,,
cash_flow,CF_INCREASE_DECREASE_IN_OTHER_OPERATING_LIABILITIES,Tăng/(Giảm) khác về công nợ hoạt động,tang_giam_khac_ve_cong_no_hoat_dong,tang_giam_khac_ve_cong_no_hoat_dong,,"{'id': 'increase_decrease_in_other_operating_liabilities', 'invert': False}"
cash_flow,CF_NET_CASH_FLOWS_FROM_OPERATING_ACTIVITIES_BEFORE_TAX,Lưu chuyển tiền thuần từ hoạt động kinh doanh trước thuế thu nhập DN,luu_chuyen_tien_thuan_tu_hoat_dong_kinh_doanh_truoc_thue_thu_nhap_dn,luu_chuyen_tien_thuan_tu_hoat_dong_kinh_doanh_truoc_thue_thu_nhap_dn,,"{'id': 'net_cash_flows_from_operating_activities', 'invert': False}"
cash_flow,CF_PAYMENTS_FROM_RESERVES,Chi từ các quỹ của TCTD,chi_tu_cac_quy_cua_tctd,chi_tu_cac_quy_cua_tctd,,"{'id': 'payments_from_reserves', 'invert': False}"
cash_flow,CF_COLLECTIONS_FROM_BAD_DEBTS_WRITTEN_OFF,"Tiền thu các khoản nợ đã được xử lý, xóa, bù đắp bằng nguồn rủi ro",tien_thu_cac_khoan_no_da_duoc_xu_ly_xoa_bu_dap_bang_nguon_rui_ro,tien_thu_cac_khoan_no_da_duoc_xu_ly_xoa_bu_dap_bang_nguon_rui_ro,,"{'id': 'receipts_from_collection_of_debts_written_off_debts_accounted_for_by_reserves', 'invert': False}"
cash_flow,CF_NET_DIFFERENCE_FROM_OPERATING_CASH_FLOWS,Chênh lệch số tiền thực thu/thực chi từ hoạt động kinh doanh,chenh_lech_so_tien_thuc_thu_thuc_chi_tu_hoat_dong_kinh_doanh,chenh_lech_so_tien_thuc_thu_thuc_chi_tu_hoat_dong_kinh_doanh,,"{'id': 'net_cash_inflow_from_trading_activities_in_foreign_currencies_gold_and_securities', 'invert': False}"
cash_flow,CF_PAYMENTS_FROM_DISPOSAL_OF_FIXED_ASSETS,"Tiền chi từ thanh lý, nhượng bán TSCĐ",tien_chi_tu_thanh_ly_nhuong_ban_tscd,tien_chi_tu_thanh_ly_nhuong_ban_tscd,,"{'id': 'payments_for_disposal_of_fixed_assets', 'invert': False}"
cash_flow,CF_PAYMENTS_FOR_INVESTMENT_PROPERTIES,Mua sắm Bất động sản đầu tư,mua_sam_bat_dong_san_dau_tu,mua_sam_bat_dong_san_dau_tu,,
cash_flow,CF_PROCEEDS_FROM_DISPOSAL_OF_INVESTMENT_PROPERTIES,"Tiền thu từ bán, thanh lý bất động sản đầu tư",tien_thu_tu_ban_thanh_ly_bat_dong_san_dau_tu,tien_thu_tu_ban_thanh_ly_bat_dong_san_dau_tu,,"{'id': 'purchase_of_investment_properties', 'invert': False}"
cash_flow,CF_PAYMENTS_FROM_DISPOSAL_OF_INVESTMENT_PROPERTIES,"Tiền chi ra do bán, thanh lý bất động sản đầu tư",tien_chi_ra_do_ban_thanh_ly_bat_dong_san_dau_tu,tien_chi_ra_do_ban_thanh_ly_bat_dong_san_dau_tu,,
cash_flow,CF_PROCEEDS_FROM_ISSUANCE_OF_LONG_TERM_VALUABLE_PAPERS_AND_BORROWINGS,Tiền thu từ phát hành giấy tờ có giá dài hạn đủ điều kiện tính vào vốn tự có và các khoản vốn vay dài hạn khác,tien_thu_tu_phat_hanh_giay_to_co_gia_dai_han_du_dieu_kien_tinh_vao_von_tu_co_va_cac_khoan_von_vay_dai_han_khac,tien_thu_tu_phat_hanh_giay_to_co_gia_dai_han_du_dieu_kien_tinh_vao_von_tu_co_va_cac_khoan_von_vay_dai_han_khac,,"{'id': 'receipts_from_issue_of_valuable_papers_qualified_as_owner_s_capital_and_other_long_term_borrowings', 'invert': False}"
cash_flow,CF_REPAYMENT_OF_LONG_TERM_VALUABLE_PAPERS_AND_BORROWINGS,Tiền chi thanh toán giấy tờ có giá dài hạn đủ điều kiện tính vào vốn tự có và các khoản vốn vay dài hạn khác,tien_chi_thanh_toan_giay_to_co_gia_dai_han_du_dieu_kien_tinh_vao_von_tu_co_va_cac_khoan_von_vay_dai_han_khac,tien_chi_thanh_toan_giay_to_co_gia_dai_han_du_dieu_kien_tinh_vao_von_tu_co_va_cac_khoan_von_vay_dai_han_khac,,
cash_flow,CF_PAYMENTS_FOR_TREASURY_SHARES,Tiền chi ra mua cổ phiếu quỹ,tien_chi_ra_mua_co_phieu_quy,tien_chi_ra_mua_co_phieu_quy,,
cash_flow,CF_PROCEEDS_FROM_TREASURY_SHARES,Tiền thu được do bán cổ phiếu quỹ,tien_thu_duoc_do_ban_co_phieu_quy,tien_thu_duoc_do_ban_co_phieu_quy,,
cash_flow,CF_ADJUSTMENTS,Điều chỉnh cho các khoản,dieu_chinh_cho_cac_khoan,dieu_chinh_cho_cac_khoan,,
cash_flow,CF_ACCRUED_AND_PREPAID_EXPENSES,"Chi phí phải trả, chi phí trả trước",chi_phi_phai_tra_chi_phi_tra_truoc,chi_phi_phai_tra_chi_phi_tra_truoc,,
cash_flow,CF_NON_CASH_EXPENSES_INCREASE,Tăng các chi phí phi tiền tệ,tang_cac_chi_phi_phi_tien_te,tang_cac_chi_phi_phi_tien_te,,
cash_flow,CF_FVTPL_LOSSES,Lỗ đánh giá giá trị các tài sản tài chính ghi nhận thông qua lãi/lỗ FVTPL,lo_danh_gia_gia_tri_cac_tai_san_tai_chinh_ghi_nhan_thong_qua_lai_lo_fvtpl,lo_danh_gia_gia_tri_cac_tai_san_tai_chinh_ghi_nhan_thong_qua_lai_lo_fvtpl,,
cash_flow,CF_FVTPL_LIAB_LOSSES,Lỗ đánh giá giá trị các công nợ tài chính ghi nhận thông qua KQKD,lo_danh_gia_gia_tri_cac_cong_no_tai_chinh_ghi_nhan_thong_qua_kqkd,lo_danh_gia_gia_tri_cac_cong_no_tai_chinh_ghi_nhan_thong_qua_kqkd,,
cash_flow,CF_DERIVATIVE_LOSSES,Lỗ đánh giá giá trị các công cụ tài chính phái sinh,lo_danh_gia_gia_tri_cac_cong_cu_tai_chinh_phai_sinh,lo_danh_gia_gia_tri_cac_cong_cu_tai_chinh_phai_sinh,,
cash_flow,CF_AFS_DISPOSAL_LOSSES,Lỗ từ thanh lý các tài sản tài chính sẵn sàng để bán,lo_tu_thanh_ly_cac_tai_san_tai_chinh_san_sang_de_ban,lo_tu_thanh_ly_cac_tai_san_tai_chinh_san_sang_de_ban,,
cash_flow,CF_AFS_IMPAIRMENT_LOSSES,Suy giảm giá trị của các tài sản tài chính sẵn sàng để bán,suy_giam_gia_tri_cua_cac_tai_san_tai_chinh_san_sang_de_ban,suy_giam_gia_tri_cua_cac_tai_san_tai_chinh_san_sang_de_ban,,
cash_flow,CF_HTM_IMPAIRMENT_LOSSES,Lỗ suy giảm giá trị các khoản đầu tư nắm giữ đến ngày đáo hạn,lo_suy_giam_gia_tri_cac_khoan_dau_tu_nam_giu_den_ngay_dao_han,lo_suy_giam_gia_tri_cac_khoan_dau_tu_nam_giu_den_ngay_dao_han,,
cash_flow,CF_LOANS_IMPAIRMENT_LOSSES,Lỗ suy giảm giá trị các khoản cho vay,lo_suy_giam_gia_tri_cac_khoan_cho_vay,lo_suy_giam_gia_tri_cac_khoan_cho_vay,,
cash_flow,CF_AFS_RECLASS_LOSSES,Lỗ về ghi nhận chênh lệch đánh giá theo giá trị hợp lý tài sản tài chính sẵn sàng để bán AFS khi phân loại lại,lo_ve_ghi_nhan_chenh_lech_danh_gia_theo_gia_tri_hop_ly_tai_san_tai_chinh_san_sang_de_ban_afs_khi_phan_loai_lai,lo_ve_ghi_nhan_chenh_lech_danh_gia_theo_gia_tri_hop_ly_tai_san_tai_chinh_san_sang_de_ban_afs_khi_phan_loai_lai,,
cash_flow,CF_HEDGING_DERIVATIVE_LOSSES,Lỗ đánh giá giá các công cụ tài chính phát sinh cho mục đích phòng ngừa rủi ro,lo_danh_gia_gia_cac_cong_cu_tai_chinh_phat_sinh_cho_muc_dich_phong_ngua_rui_ro,lo_danh_gia_gia_cac_cong_cu_tai_chinh_phat_sinh_cho_muc_dich_phong_ngua_rui_ro,,
cash_flow,CF_DISPOSAL_OF_FIXED_ASSETS_LOSSES,Lỗ từ thanh lý TSCĐ,lo_tu_thanh_ly_tscd,lo_tu_thanh_ly_tscd,,
cash_flow,CF_FA_IP_IMPAIRMENT_LOSSES,"Suy giảm giá trị của các tài sản cố định, BĐSĐT",suy_giam_gia_tri_cua_cac_tai_san_co_dinh_bdsdt,suy_giam_gia_tri_cua_cac_tai_san_co_dinh_bdsdt,,
cash_flow,CF_LT_INV_IMPAIRMENT_PROVISION,Chi phí dự phòng suy giảm giá trị các khoản đầu tư tài chính dài hạn,chi_phi_du_phong_suy_giam_gia_tri_cac_khoan_dau_tu_tai_chinh_dai_han,chi_phi_du_phong_suy_giam_gia_tri_cac_khoan_dau_tu_tai_chinh_dai_han,,
cash_flow,CF_SUBSIDIARY_DISPOSAL_LOSSES,"Lỗ từ thanh lý các khoản đầu tư vào công ty con và công ty liên doanh, liên kết",lo_tu_thanh_ly_cac_khoan_dau_tu_vao_cong_ty_con_va_cong_ty_lien_doanh_lien_ket,lo_tu_thanh_ly_cac_khoan_dau_tu_vao_cong_ty_con_va_cong_ty_lien_doanh_lien_ket,,
cash_flow,CF_OTHER_LOSSES,Lỗ khác,lo_khac,lo_khac,,
cash_flow,CF_NON_CASH_REVENUE_DECREASE,Giảm các doanh thu phi tiền tệ,giam_cac_doanh_thu_phi_tien_te,giam_cac_doanh_thu_phi_tien_te,,
cash_flow,CF_FVTPL_GAINS,Lãi đánh giá giá trị các tài sản chính ghi nhận thông qua lãi/lỗ FVTPL,lai_danh_gia_gia_tri_cac_tai_san_chinh_ghi_nhan_thong_qua_lai_lo_fvtpl,lai_danh_gia_gia_tri_cac_tai_san_chinh_ghi_nhan_thong_qua_lai_lo_fvtpl,,
cash_flow,CF_FVTPL_LIAB_GAINS,Lãi đánh giá giá trị các công nợ tài chính thông qua kết quả kinh doanh,lai_danh_gia_gia_tri_cac_cong_no_tai_chinh_thong_qua_ket_qua_kinh_doanh,lai_danh_gia_gia_tri_cac_cong_no_tai_chinh_thong_qua_ket_qua_kinh_doanh,,
cash_flow,CF_AFS_DISPOSAL_GAINS,Lãi từ thanh lý các tài sản tài chính sẵn sàng để bán,lai_tu_thanh_ly_cac_tai_san_tai_chinh_san_sang_de_ban,lai_tu_thanh_ly_cac_tai_san_tai_chinh_san_sang_de_ban,,
cash_flow,CF_AFS_IMPAIRMENT_REVERSAL,Hoàn nhập suy giảm giá trị của các tài sản tài chính sẵn sàng để bán,hoan_nhap_suy_giam_gia_tri_cua_cac_tai_san_tai_chinh_san_sang_de_ban,hoan_nhap_suy_giam_gia_tri_cua_cac_tai_san_tai_chinh_san_sang_de_ban,,
cash_flow,CF_AFS_RECLASS_GAINS,Lãi về ghi nhận chệnh lệch đánh giá theo giá trị hợp lý tài sản tài chính sẵn sàng để bán AFS khi phân loại lại,lai_ve_ghi_nhan_chenh_lech_danh_gia_theo_gia_tri_hop_ly_tai_san_tai_chinh_san_sang_de_ban_afs_khi_phan_loai_lai,lai_ve_ghi_nhan_chenh_lech_danh_gia_theo_gia_tri_hop_ly_tai_san_tai_chinh_san_sang_de_ban_afs_khi_phan_loai_lai,,
cash_flow,CF_HEDGING_DERIVATIVE_GAINS,Lãi đánh giá giá trị các công cụ tài chính phái sinh cho mục đích phòng ngừa,lai_danh_gia_gia_tri_cac_cong_cu_tai_chinh_phai_sinh_cho_muc_dich_phong_ngua,lai_danh_gia_gia_tri_cac_cong_cu_tai_chinh_phai_sinh_cho_muc_dich_phong_ngua,,
cash_flow,CF_LOANS_RECEIVABLES_DISPOSAL_GAINS,Lãi từ thanh lý các khoản cho vay và phải thu,lai_tu_thanh_ly_cac_khoan_cho_vay_va_phai_thu,lai_tu_thanh_ly_cac_khoan_cho_vay_va_phai_thu,,
cash_flow,CF_PROVISIONS_REVERSAL,Hoàn nhập chi phí dự phòng,hoan_nhap_chi_phi_du_phong,hoan_nhap_chi_phi_du_phong,,
cash_flow,CF_FA_IP_DISPOSAL_GAINS,"Lãi từ thanh lý tài sản cố định, BĐSĐT",lai_tu_thanh_ly_tai_san_co_dinh_bdsdt,lai_tu_thanh_ly_tai_san_co_dinh_bdsdt,,
cash_flow,CF_SUBSIDIARY_DISPOSAL_GAINS,"Lãi từ thanh lý các khoản đầu tư vào công ty con và công ty liên doanh, liên kết",lai_tu_thanh_ly_cac_khoan_dau_tu_vao_cong_ty_con_va_cong_ty_lien_doanh_lien_ket,lai_tu_thanh_ly_cac_khoan_dau_tu_vao_cong_ty_con_va_cong_ty_lien_doanh_lien_ket,,
cash_flow,CF_OTHER_GAINS,Lãi khác,lai_khac,lai_khac,,
cash_flow,CF_CHANGES_IN_OPERATING_ASSETS_AND_LIABILITIES,Thay đổi tài sản và nợ phải trả hoạt động,thay_doi_tai_san_va_no_phai_tra_hoat_dong,thay_doi_tai_san_va_no_phai_tra_hoat_dong,,
cash_flow,CF_FVTPL_CHANGE,Tăng (giảm) tài sản tài chính ghi nhận thông qua lãi/ lỗ,tang_giam_tai_san_tai_chinh_ghi_nhan_thong_qua_lai_lo,tang_giam_tai_san_tai_chinh_ghi_nhan_thong_qua_lai_lo,,
cash_flow,CF_HTM_CHANGE,Tăng (giảm) các khoản đầu tư giữ đến ngày đáo hạn,tang_giam_cac_khoan_dau_tu_giu_den_ngay_dao_han,tang_giam_cac_khoan_dau_tu_giu_den_ngay_dao_han,,
cash_flow,CF_LOANS_CHANGE,Tăng(giảm) các khoản cho vay,tang_giam_cac_khoan_cho_vay,tang_giam_cac_khoan_cho_vay,,
cash_flow,CF_AFS_CHANGE,Tăng (giảm) tài sản tài chính sẵn sàng để bán AFS,tang_giam_tai_san_tai_chinh_san_sang_de_ban_afs,tang_giam_tai_san_tai_chinh_san_sang_de_ban_afs,,
cash_flow,CF_OTHER_ASSETS_CHANGE,Tăng/giảm các tài sản khác,tang_giam_cac_tai_san_khac,tang_giam_cac_tai_san_khac,,
cash_flow,CF_RECEIVABLES_LEGACY,Tăng/giảm các khoản phải thu,tang_giam_cac_khoan_phai_thu,tang_giam_cac_khoan_phai_thu,,
cash_flow,CF_FINANCE_LEASE_LIABILITIES_LEGACY,Tăng/giảm vay và nợ thuê tài sản tài chính,tang_giam_vay_va_no_thue_tai_san_tai_chinh,tang_giam_vay_va_no_thue_tai_san_tai_chinh,,
cash_flow,CF_FINANCIAL_ASSET_BORROWINGS_LEGACY,Tăng/giảm vay tài sản tài chính,tang_giam_vay_tai_san_tai_chinh,tang_giam_vay_tai_san_tai_chinh,,
cash_flow,CF_CONVERTIBLE_BONDS_LEGACY,Tăng/giảm Trái phiếu chuyển đổi-Cấu phần nợ,tang_giam_trai_phieu_chuyen_doi_cau_phan_no,tang_giam_trai_phieu_chuyen_doi_cau_phan_no,,
cash_flow,CF_ISSUED_BONDS_LEGACY,Tăng/giảm Trái phiếu phát hành,tang_giam_trai_phieu_phat_hanh,tang_giam_trai_phieu_phat_hanh,,
cash_flow,CF_SETTLEMENT_FUND_BORROWINGS_LEGACY,Tăng/giảm vay Quỹ Hỗ trợ thanh toán,tang_giam_vay_quy_ho_tro_thanh_toan,tang_giam_vay_quy_ho_tro_thanh_toan,,
cash_flow,CF_FIN_ASSET_DISPOSAL_RECEIVABLES_CHANGE,"(-) Tăng, (+) giảm phải thu bán các tài sản tài chính",tang_giam_phai_thu_ban_cac_tai_san_tai_chinh,tang_giam_phai_thu_ban_cac_tai_san_tai_chinh,,
cash_flow,CF_DIV_INT_RECEIVABLES_CHANGE,"(-) Tăng, (+) giảm phải thu và dự thu cổ tức, tiền lãi các tài sản tài chính",tang_giam_phai_thu_va_du_thu_co_tuc_tien_lai_cac_tai_san_tai_chinh,tang_giam_phai_thu_va_du_thu_co_tuc_tien_lai_cac_tai_san_tai_chinh,,
cash_flow,CF_SERVICES_RECEIVABLES_CHANGE,"(-) Tăng, (+) giảm các khoản phải thu các dịch vụ CTCK cung cấp",tang_giam_cac_khoan_phai_thu_cac_dich_vu_ctck_cung_cap,tang_giam_cac_khoan_phai_thu_cac_dich_vu_ctck_cung_cap,,
cash_flow,CF_TRADING_ERROR_RECEIVABLES_CHANGE,"(-) Tăng, (+) giảm các khoản phải thu về lỗi giao dịch các TSTC",tang_giam_cac_khoan_phai_thu_ve_loi_giao_dich_cac_tstc,tang_giam_cac_khoan_phai_thu_ve_loi_giao_dich_cac_tstc,,
cash_flow,CF_TRADE_PAYABLES_CHANGE,"(+) Tăng, (-) giảm phải trả cho người bán",tang_giam_phai_tra_cho_nguoi_ban,tang_giam_phai_tra_cho_nguoi_ban,,
cash_flow,CF_PAYABLES_TO_ISSUERS_LEGACY,"(+) Tăng, (-) giảm phải trả Tổ chức phát hành chứng khoán",tang_giam_phai_tra_to_chuc_phat_hanh_chung_khoan,tang_giam_phai_tra_to_chuc_phat_hanh_chung_khoan,,
cash_flow,CF_WELFARE_PAYABLES_CHANGE,"(+) Tăng, (-) giảm các khoản trích nộp phúc lợi nhân viên",tang_giam_cac_khoan_trich_nop_phuc_loi_nhan_vien,tang_giam_cac_khoan_trich_nop_phuc_loi_nhan_vien,,
cash_flow,CF_TAX_PAYABLES_CHANGE,"(+) Tăng, (-) giảm thuế và các khoản phải nộp Nhà nước",tang_giam_thue_va_cac_khoan_phai_nop_nha_nuoc,tang_giam_thue_va_cac_khoan_phai_nop_nha_nuoc,,
cash_flow,CF_EMPLOYEE_PAYABLES_CHANGE,"(+) Tăng, (-) giảm phải trả người lao động",tang_giam_phai_tra_nguoi_lao_dong,tang_giam_phai_tra_nguoi_lao_dong,,
cash_flow,CF_TRADING_ERROR_PAYABLES_CHANGE,"(+) Tăng, (-) giảm phải trả về lỗi giao dịch các tài sản tài chính",tang_giam_phai_tra_ve_loi_giao_dich_cac_tai_san_tai_chinh,tang_giam_phai_tra_ve_loi_giao_dich_cac_tai_san_tai_chinh,,
cash_flow,CF_INTEREST_RECEIVED,"Tiền thu lãi cho vay, cổ tức và lợi nhuận được chia",tien_thu_lai_cho_vay_co_tuc_va_loi_nhuan_duoc_chia,tien_thu_lai_cho_vay_co_tuc_va_loi_nhuan_duoc_chia,,
cash_flow,CF_OTHER_RECEIPTS,Tiền thu khác,tien_thu_khac,tien_thu_khac,,
cash_flow,CF_OTHER_PAYMENTS,Các khoản chi khác,cac_khoan_chi_khac,cac_khoan_chi_khac,,
cash_flow,CF_ACCRUED_EXPENSES_CHANGE,"(-) Tăng, (+) giảm chi phí phải trả (không bao gồm chi phí lãi vay)",tang_giam_chi_phi_phai_tra_khong_bao_gom_chi_phi_lai_vay,tang_giam_chi_phi_phai_tra_khong_bao_gom_chi_phi_lai_vay,,
cash_flow,CF_SETTLEMENT_FUND_PROCEEDS,Tiền vay Quỹ Hỗ trợ thanh toán,tien_vay_quy_ho_tro_thanh_toan,tien_vay_quy_ho_tro_thanh_toan,,
cash_flow,CF_OTHER_BORROWINGS_PROCEEDS,Tiền vay khác,tien_vay_khac,tien_vay_khac,,
cash_flow,CF_SETTLEMENT_FUND_REPAYMENT,Tiền chi trả gốc vay Quỹ Hỗ trợ thanh toán,tien_chi_tra_goc_vay_quy_ho_tro_thanh_toan,tien_chi_tra_goc_vay_quy_ho_tro_thanh_toan,,
cash_flow,CF_FIN_ASSET_BORROWINGS_REPAYMENT,Tiền chi trả nợ gốc vay tài sản tài chính,tien_chi_tra_no_goc_vay_tai_san_tai_chinh,tien_chi_tra_no_goc_vay_tai_san_tai_chinh,,
cash_flow,CF_OTHER_BORROWINGS_REPAYMENT,Tiền chi trả gốc nợ vay khác,tien_chi_tra_goc_no_vay_khac,tien_chi_tra_goc_no_vay_khac,,
cash_flow,CF_CASH_BANK_BALANCES_BEGIN,"Tiền mặt, tiền gửi ngân hàng đầu kỳ",tien_mat_tien_gui_ngan_hang_dau_ky,tien_mat_tien_gui_ngan_hang_dau_ky,,
cash_flow,CF_SEC_BANK_BALANCES_BEGIN,Tiền gửi ngân hàng cho hoạt động CTCK,tien_gui_ngan_hang_cho_hoat_dong_ctck,tien_gui_ngan_hang_cho_hoat_dong_ctck,,
cash_flow,CF_CASH_EQUIV_BEGIN,Các khoản tương đương tiền,cac_khoan_tuong_duong_tien,cac_khoan_tuong_duong_tien,,
cash_flow,CF_CASH_BANK_BALANCES_END,"Tiền mặt, tiền gửi ngân hàng kỳ",tien_mat_tien_gui_ngan_hang_ky,tien_mat_tien_gui_ngan_hang_ky,,
cash_flow,CF_SEC_BANK_BALANCES_END,Tiền gửi ngân hàng cho hoạt động CTCK,tien_gui_ngan_hang_cho_hoat_dong_ctck,tien_gui_ngan_hang_cho_hoat_dong_ctck,,
cash_flow,CF_CASH_EQUIV_END,Các khoản tương đương tiền,cac_khoan_tuong_duong_tien,cac_khoan_tuong_duong_tien,,
cash_flow,CF_FX_DIFFERENCES,Ảnh hưởng của thay đổi tỷ giá hối đoái quy đổi ngoại tệ,anh_huong_cua_thay_doi_ty_gia_hoi_doai_quy_doi_ngoai_te,anh_huong_cua_thay_doi_ty_gia_hoi_doai_quy_doi_ngoai_te,,
cash_flow,CF_BROKERAGE_TRUST_NET_FLOWS,"Lưu chuyển tiền hoạt động môi giới, ủy thác của khách hàng",luu_chuyen_tien_hoat_dong_moi_gioi_uy_thac_cua_khach_hang,luu_chuyen_tien_hoat_dong_moi_gioi_uy_thac_cua_khach_hang,,
cash_flow,CF_BROKERAGE_SEC_SALE_PROCEEDS,Tiền thu bán chứng khoán môi giới cho khách hàng,tien_thu_ban_chung_khoan_moi_gioi_cho_khach_hang,tien_thu_ban_chung_khoan_moi_gioi_cho_khach_hang,,
cash_flow,CF_BROKERAGE_SEC_PURCHASE_PAYMENTS,Tiền chi mua chứng khoán môi giới cho khách hàng,tien_chi_mua_chung_khoan_moi_gioi_cho_khach_hang,tien_chi_mua_chung_khoan_moi_gioi_cho_khach_hang,,
cash_flow,CF_TRUST_SEC_SALE_PROCEEDS,Tiền thu bán chứng khoán ủy thác của khách hàng,tien_thu_ban_chung_khoan_uy_thac_cua_khach_hang,tien_thu_ban_chung_khoan_uy_thac_cua_khach_hang,,
cash_flow,CF_TRUST_SEC_SALE_PAYMENTS,Tiền chi bán chứng khoán ủy thác của khách hàng,tien_chi_ban_chung_khoan_uy_thac_cua_khach_hang,tien_chi_ban_chung_khoan_uy_thac_cua_khach_hang,,
cash_flow,CF_CUSTOMERS_ACCOUNTS_RECEIPTS_LEGACY,Thu tiền từ tài khoản vãng lai của khách hàng,thu_tien_tu_tai_khoan_vang_lai_cua_khach_hang,thu_tien_tu_tai_khoan_vang_lai_cua_khach_hang,,
cash_flow,CF_CUSTOMERS_ACCOUNTS_PAYMENTS_LEGACY,Chi tiền từ tài khoản vãng lai của khách hàng,chi_tien_tu_tai_khoan_vang_lai_cua_khach_hang,chi_tien_tu_tai_khoan_vang_lai_cua_khach_hang,,
cash_flow,CF_BROKERAGE_SETTLEMENT_FUND_PROCEEDS,Thu vay Quỹ Hỗ trợ thanh toán,thu_vay_quy_ho_tro_thanh_toan,thu_vay_quy_ho_tro_thanh_toan,,
cash_flow,CF_BROKERAGE_SETTLEMENT_FUND_REPAYMENT,Chi trả vay Quỹ Hỗ trợ thanh toán,chi_tra_vay_quy_ho_tro_thanh_toan,chi_tra_vay_quy_ho_tro_thanh_toan,,
cash_flow,CF_CUST_SEC_SETTLEMENT_RECEIPTS,Nhận tiền gửi để thanh toán giao dịch chứng khoán của khách hàng,nhan_tien_gui_de_thanh_toan_giao_dich_chung_khoan_cua_khach_hang,nhan_tien_gui_de_thanh_toan_giao_dich_chung_khoan_cua_khach_hang,,
cash_flow,CF_INVESTOR_TRUST_RECEIPTS,Nhận tiền gửi của Nhà đầu tư cho hoạt động ủy thác đầu tư của khách hàng,nhan_tien_gui_cua_nha_dau_tu_cho_hoat_dong_uy_thac_dau_tu_cua_khach_hang,nhan_tien_gui_cua_nha_dau_tu_cho_hoat_dong_uy_thac_dau_tu_cua_khach_hang,,
cash_flow,CF_CUST_DEPOSITORY_FEE_PAYMENTS,Chi trả phí lưu ký chứng khoán của khách hàng,chi_tra_phi_luu_ky_chung_khoan_cua_khach_hang,chi_tra_phi_luu_ky_chung_khoan_cua_khach_hang,,
cash_flow,CF_TRADING_ERROR_RECEIPTS,Thu lỗi giao dịch chứng khoán,thu_loi_giao_dich_chung_khoan,thu_loi_giao_dich_chung_khoan,,
cash_flow,CF_TRADING_ERROR_PAYMENTS,Chi lỗi giao dịch chứng khoán,chi_loi_giao_dich_chung_khoan,chi_loi_giao_dich_chung_khoan,,
cash_flow,CF_ISSUER_RECEIPTS,Tiền thu của Tổ chức phát hành chứng khoán,tien_thu_cua_to_chuc_phat_hanh_chung_khoan,tien_thu_cua_to_chuc_phat_hanh_chung_khoan,,
cash_flow,CF_ISSUER_PAYMENTS,Tiền chi trả Tổ chức phát hành chứng khoán,tien_chi_tra_to_chuc_phat_hanh_chung_khoan,tien_chi_tra_to_chuc_phat_hanh_chung_khoan,,
cash_flow,CF_CUST_SEC_SETTLEMENT_PAYMENTS,Chi trả thanh toán giao dịch chứng khoán của khách hàng,chi_tra_thanh_toan_giao_dich_chung_khoan_cua_khach_hang,chi_tra_thanh_toan_giao_dich_chung_khoan_cua_khach_hang,,
cash_flow,CF_CUST_TRUST_PAYMENTS,Chi trả cho hoạt động ủy thác đầu tư của khách hàng,chi_tra_cho_hoat_dong_uy_thac_dau_tu_cua_khach_hang,chi_tra_cho_hoat_dong_uy_thac_dau_tu_cua_khach_hang,,
cash_flow,CF_CUST_CASH_BEGIN,TIỀN VÀ CÁC KHOẢN TƯƠNG ĐƯƠNG TIỀN ĐẦU KỲ CỦA KHÁCH HÀNG,tien_va_cac_khoan_tuong_duong_tien_dau_ky_cua_khach_hang,tien_va_cac_khoan_tuong_duong_tien_dau_ky_cua_khach_hang,,
cash_flow,CF_CUST_BANK_BALANCES_BEGIN,Tiền gửi ngân hàng đầu kỳ,tien_gui_ngan_hang_dau_ky,tien_gui_ngan_hang_dau_ky,,
cash_flow,CF_BROKER_MANAGED_DEPOSITS_BEGIN,Tiền gửi của NĐT về GDCK theo phương thức CTCK quản lý,tien_gui_cua_ndt_ve_gdck_theo_phuong_thuc_ctck_quan_ly,tien_gui_cua_ndt_ve_gdck_theo_phuong_thuc_ctck_quan_ly,,
cash_flow,CF_BROKER_MANAGED_TERM_DEPOSITS_BEGIN,Trong đó: có kỳ hạn,trong_do_co_ky_han,trong_do_co_ky_han,,
cash_flow,CF_CUST_GENERAL_DEPOSITS_BEGIN,Tiền gửi tổng hợp GDCK cho khách hàng,tien_gui_tong_hop_gdck_cho_khach_hang,tien_gui_tong_hop_gdck_cho_khach_hang,,
cash_flow,CF_CLEARING_DEPOSITS_BEGIN,Tiền gửi bù trừ và thanh toán GDCK,tien_gui_bu_tru_va_thanh_toan_gdck,tien_gui_bu_tru_va_thanh_toan_gdck,,
cash_flow,CF_ISSUER_DEPOSITS_BEGIN,Tiền gửi của tổ chức phát hành,tien_gui_cua_to_chuc_phat_hanh,tien_gui_cua_to_chuc_phat_hanh,,
cash_flow,CF_ISSUER_TERM_DEPOSITS_BEGIN,Trong đó: có kỳ hạn,trong_do_co_ky_han,trong_do_co_ky_han,,
cash_flow,CF_BANK_MANAGED_DEPOSITS_BEGIN_LEGACY,Tiền gửi của NĐT về GDCK theo phương thức NHTM quản lý,tien_gui_cua_ndt_ve_gdck_theo_phuong_thuc_nhtm_quan_ly,tien_gui_cua_ndt_ve_gdck_theo_phuong_thuc_nhtm_quan_ly,,
cash_flow,CF_BANK_MANAGED_TERM_DEPOSITS_BEGIN_LEGACY,Trong đó: có kỳ hạn,trong_do_co_ky_han,trong_do_co_ky_han,,
cash_flow,CF_CUST_CASH_EQUIV_BEGIN,Các khoản tương đương tiền,cac_khoan_tuong_duong_tien,cac_khoan_tuong_duong_tien,,
cash_flow,CF_CUST_FX_DIFFERENCES_BEGIN,Ảnh hưởng của thay đổi tỷ giá hối đoái quy đổi ngoại tệ,anh_huong_cua_thay_doi_ty_gia_hoi_doai_quy_doi_ngoai_te,anh_huong_cua_thay_doi_ty_gia_hoi_doai_quy_doi_ngoai_te,,
cash_flow,CF_CUST_CASH_END,TIỀN VÀ CÁC KHOẢN TƯƠNG ĐƯƠNG TIỀN CUỐI KỲ CỦA KHÁCH HÀNG,tien_va_cac_khoan_tuong_duong_tien_cuoi_ky_cua_khach_hang,tien_va_cac_khoan_tuong_duong_tien_cuoi_ky_cua_khach_hang,,
cash_flow,CF_CUST_BANK_BALANCES_END,Tiền gửi ngân hàng cuối kỳ,tien_gui_ngan_hang_cuoi_ky,tien_gui_ngan_hang_cuoi_ky,,
cash_flow,CF_BROKER_MANAGED_DEPOSITS_END,Tiền gửi của NĐT về GDCK theo phương thức CTCK quản lý,tien_gui_cua_ndt_ve_gdck_theo_phuong_thuc_ctck_quan_ly,tien_gui_cua_ndt_ve_gdck_theo_phuong_thuc_ctck_quan_ly,,
cash_flow,CF_BROKER_MANAGED_TERM_DEPOSITS_END,Trong đó: có kỳ hạn,trong_do_co_ky_han,trong_do_co_ky_han,,
cash_flow,CF_BANK_MANAGED_DEPOSITS_END_LEGACY,Tiền gửi của NĐT về GDCK theo phương thức NHTM quản lý,tien_gui_cua_ndt_ve_gdck_theo_phuong_thuc_nhtm_quan_ly,tien_gui_cua_ndt_ve_gdck_theo_phuong_thuc_nhtm_quan_ly,,
cash_flow,CF_BANK_MANAGED_TERM_DEPOSITS_END_LEGACY,Trong đó: có kỳ hạn,trong_do_co_ky_han,trong_do_co_ky_han,,
cash_flow,CF_CUST_GENERAL_DEPOSITS_END,Tiền gửi tổng hợp GDCK cho khách hàng,tien_gui_tong_hop_gdck_cho_khach_hang,tien_gui_tong_hop_gdck_cho_khach_hang,,
cash_flow,CF_CLEARING_DEPOSITS_END,Tiền gửi bù trừ và thanh toán GDCK,tien_gui_bu_tru_va_thanh_toan_gdck,tien_gui_bu_tru_va_thanh_toan_gdck,,
cash_flow,CF_ISSUER_DEPOSITS_END,Tiền gửi của tổ chức phát hành,tien_gui_cua_to_chuc_phat_hanh,tien_gui_cua_to_chuc_phat_hanh,,
cash_flow,CF_ISSUER_TERM_DEPOSITS_END,Trong đó: có kỳ hạn,trong_do_co_ky_han,trong_do_co_ky_han,,
cash_flow,CF_CUST_CASH_EQUIV_END,Các khoản tương đương tiền,cac_khoan_tuong_duong_tien,cac_khoan_tuong_duong_tien,,
cash_flow,CF_CUST_FX_DIFFERENCES_END,Ảnh hưởng của thay đổi tỷ giá hối đoái quy đổi ngoại tệ,anh_huong_cua_thay_doi_ty_gia_hoi_doai_quy_doi_ngoai_te,anh_huong_cua_thay_doi_ty_gia_hoi_doai_quy_doi_ngoai_te,,
cash_flow,CF_INSURANCE_RECEIVABLES,Phải thu hoạt động BH gốc,phai_thu_hoat_dong_bh_goc,phai_thu_hoat_dong_bh_goc,,
cash_flow,CF_INWARD_REINSURANCE_RECEIVABLES,Phải thu hoạt động BH Nhận Tái,phai_thu_hoat_dong_bh_nhan_tai,phai_thu_hoat_dong_bh_nhan_tai,,
cash_flow,CF_OUTWARD_REINSURANCE_RECEIVABLES,Phải thu hoạt động BH Nhượng tái,phai_thu_hoat_dong_bh_nhuong_tai,phai_thu_hoat_dong_bh_nhuong_tai,,
cash_flow,CF_OTHER_OPERATING_RECEIVABLES,Phải thu hoạt động khác,phai_thu_hoat_dong_khac,phai_thu_hoat_dong_khac,,
cash_flow,CF_INTERNAL_RECEIVABLES_PAYABLES,Phải thu/trả đơn vị nội bộ,phai_thu_tra_don_vi_noi_bo,phai_thu_tra_don_vi_noi_bo,,
cash_flow,CF_INSURANCE_PAYABLES,Phải trả hoạt động BH gốc,phai_tra_hoat_dong_bh_goc,phai_tra_hoat_dong_bh_goc,,
cash_flow,CF_INWARD_REINSURANCE_PAYABLES,Phải trả hoạt động BH Nhận Tái,phai_tra_hoat_dong_bh_nhan_tai,phai_tra_hoat_dong_bh_nhan_tai,,
cash_flow,CF_OUTWARD_REINSURANCE_PAYABLES,Phải trả hoạt động BH Nhượng tái,phai_tra_hoat_dong_bh_nhuong_tai,phai_tra_hoat_dong_bh_nhuong_tai,,
cash_flow,CF_OTHER_OPERATING_PAYABLES,Phải trả hoạt động khác,phai_tra_hoat_dong_khac,phai_tra_hoat_dong_khac,,
cash_flow,CF_EMPLOYEE_PAYABLES,Phải trả CBCNV,phai_tra_cbcnv,phai_tra_cbcnv,,
income_statement,IS_PROFIT_BEFORE_TAX,Tổng lợi nhuận kế toán trước thuế,profit_before_tax,tong_loi_nhuan_ke_toan_truoc_thue,xi_profit_before_tax | ix_profit_before_tax | 31_taxable_profit | 29_total_profit_before_tax | 27_total_profit | 15_profit_before_tax,15_profit_before_tax | xi_profit_before_tax | vii_net_profit_from_securities_business_20_50_40_60_61_62 | ix_profit_before_tax | 31_taxable_profit
income_statement,IS_CURRENT_CORPORATE_INCOME_TAX_EXPENSES,Chi phí thuế TNDN hiện hành,current_corporate_income_tax_expenses,chi_phi_thue_tndn_hien_hanh,,16_current_corporate_income_tax_expenses | 7_current_corporate_income_tax_expenses | 10_1_current_corporate_income_tax_expenses | 32_current_corporate_income_tax_expenses
income_statement,IS_DEFERRED_INCOME_TAX_EXPENSES,Chi phí thuế TNDN hoãn lại,deferred_income_tax_expenses,chi_phi_thue_tndn_hoan_lai,,17_deferred_income_tax_expenses | 8_deferred_income_tax_expenses | 10_2_deferred_income_tax_expenses | 33_deferred_income_tax_expenses
income_statement,IS_NET_PROFIT_AFTER_TAX,Lợi nhuận sau thuế thu nhập doanh nghiệp,net_profit_after_tax,loi_nhuan_sau_thue_thu_nhap_doanh_nghiep,xiii_net_profit_after_tax | xi_net_profit_after_tax | 34_profit_after_tax | 18_net_profit_after_tax,18_net_profit_after_tax | xiii_net_profit_after_tax | 11_1_profit_after_tax_for_shareholders_of_the_parents_company | xi_net_profit_after_tax | 34_profit_after_tax
income_statement,IS_MINORITY_INTEREST,Lợi ích của cổ đông không kiểm soát,minority_interest,loi_ich_cua_co_dong_khong_kiem_soat,ix_minority_interest | xiv_minority_interest | 11_3_profit_after_tax_attribute_to_non_controling_interest | c_minority_interests | 35_minority_interest | c_minority_interest | c_minority_s_interest | minority_interest | minority_s_interest,minority_interest | xiv_minority_interest | 11_3_profit_after_tax_attribute_to_non_controling_interest | 35_minority_interest
income_statement,IS_PROFIT_AFTER_TAX_FOR_SHAREHOLDERS_OF_PARENT_COMPANY,Lợi nhuận sau thuế của cổ đông công ty mẹ,profit_after_tax_for_shareholders_of_parent_company,loi_nhuan_sau_thue_cua_co_dong_cong_ty_me,xv_net_profit_atttributable_to_the_equity_holders_of_the_bank | 11_1_profit_after_tax_for_shareholders_of_the_parents_company | 36_profit_after_tax_for_shareholders_of_the_parent_company | profit_after_tax_for_shareholders_of_parent_company,profit_after_tax_for_shareholders_of_parent_company | xv_net_profit_atttributable_to_the_equity_holders_of_the_bank | 11_1_profit_after_tax_for_shareholders_of_the_parents_company | 36_profit_after_tax_for_shareholders_of_the_parent_company
income_statement,IS_INTEREST_INCOME_AND_SIMILAR_INCOME,Thu nhập lãi và các khoản thu nhập tương tự,interest_income_and_similar_income,thu_nhap_lai_va_cac_khoan_thu_nhap_tuong_tu,,1_interest_income_and_similar_income
income_statement,IS_NET_INTEREST_INCOME,Thu nhập lãi thuần,net_interest_income,thu_nhap_lai_thuan,i_net_interest_income,i_net_interest_income
income_statement,IS_FEE_AND_COMMISSION_INCOME,Thu nhập từ hoạt động dịch vụ,fee_and_commission_income,thu_nhap_tu_hoat_dong_dich_vu,3_fee_and_commission_income,3_fee_and_commission_income
income_statement,IS_NET_FEE_AND_COMMISSION_INCOME,Lãi thuần từ hoạt động dịch vụ,net_fee_and_commission_income,lai_thuan_tu_hoat_dong_dich_vu,ii_net_fee_and_commission_income,ii_net_fee_and_commission_income
income_statement,IS_NET_GAIN_LOSS_FROM_FOREIGN_CURRENCIES_AND_GOLD_TRADING,Lãi/(lỗ) thuần từ hoạt động kinh doanh ngoại hối và vàng,net_gain_loss_from_foreign_currencies_and_gold_trading,lai_lo_thuan_tu_hoat_dong_kinh_doanh_ngoai_hoi_va_vang,iii_net_gain_loss_from_foreign_currencies_and_gold_trading,iii_net_gain_loss_from_foreign_currencies_and_gold_trading
income_statement,IS_NET_GAIN_LOSS_FROM_TRADING_SECURITIES,Lãi thuần từ mua bán chứng khoán kinh doanh,net_gain_loss_from_trading_securities,lai_thuan_tu_mua_ban_chung_khoan_kinh_doanh,iv_net_gain_loss_from_trading_securities,iv_net_gain_loss_from_trading_securities
income_statement,IS_NET_GAIN_LOSS_FROM_INVESTMENT_SECURITIES,Lãi thuần từ mua bán chứng khoán đầu tư,net_gain_loss_from_investment_securities,lai_thuan_tu_mua_ban_chung_khoan_dau_tu,v_net_gain_loss_from_investment_securities,v_net_gain_loss_from_investment_securities
income_statement,IS_OTHER_INCOME,Thu nhập khác,other_income,thu_nhap_khac,5_other_income | other_income | 6_other_income | income_from_other_activities,12_other_income | 6_other_income
income_statement,IS_NET_OTHER_INCOME,Lãi thuần từ hoạt động khác,net_other_income,lai_thuan_tu_hoat_dong_khac,vi_net_other_income,vi_net_other_income
income_statement,IS_INCOME_FROM_CAPITAL_CONTRIBUTION_AND_LONG_TERM_INVESTMENTS,"Thu nhập từ góp vốn, mua cổ phần",income_from_capital_contribution_and_long_term_investments,thu_nhap_tu_gop_von_mua_co_phan,vii_income_from_capital_contribution_and_long_term_investments,vii_income_from_capital_contribution_and_long_term_investments
income_statement,IS_TOTAL_OPERATING_INCOME,Tổng thu nhập hoạt động,total_operating_income,tong_thu_nhap_hoat_dong,,
income_statement,IS_OPERATING_PROFIT_BEFORE_PROVISION_FOR_CREDIT_LOSSES,Lợi nhuận thuần từ hoạt động kinh doanh trước chi phí dự phòng rủi ro tín dụng,operating_profit_before_provision_for_credit_losses,loi_nhuan_thuan_tu_hoat_dong_kinh_doanh_truoc_chi_phi_du_phong_rui_ro_tin_dung,ix_operating_profit_before_provision_for_credit_losses,ix_operating_profit_before_provision_for_credit_losses
income_statement,IS_REVENUE,Doanh thu bán hàng và cung cấp dịch vụ,revenue,doanh_thu_ban_hang_va_cung_cap_dich_vu,1_revenue,1_revenue | net_sales
income_statement,IS_NET_REVENUE,Doanh thu thuần về bán hàng và cung cấp dịch vụ,net_revenue,doanh_thu_thuan_ve_ban_hang_va_cung_cap_dich_vu,3_net_revenue,3_net_revenue | net_sales
income_statement,IS_GROSS_PROFIT,Lợi nhuận gộp về bán hàng và cung cấp dịch vụ,gross_profit,loi_nhuan_gop_ve_ban_hang_va_cung_cap_dich_vu,gross_profit | 5_gross_profit,5_gross_profit | gross_profit
income_statement,IS_OPERATING_RESULT,Kết quả hoạt động,ket_qua_hoat_dong,ket_qua_hoat_dong,,
income_statement,IS_OPERATING_PROFIT,Lợi nhuận thuần từ hoạt động kinh doanh,operating_profit,loi_nhuan_thuan_tu_hoat_dong_kinh_doanh,vii_net_profit_from_securities_business_20_50_40_60_61_62 | 22_operating_profit | 11_operating_profit,11_operating_profit | vii_net_profit_from_securities_business_20_50_40_60_61_62
income_statement,IS_REVENUE_FROM_BROKERAGE_SERVICES,Doanh thu nghiệp vụ môi giới chứng khoán,doanh_thu_nghiep_vu_moi_gioi_chung_khoan,doanh_thu_nghiep_vu_moi_gioi_chung_khoan,1_6_revenue_from_brokerage_services,1_6_revenue_from_brokerage_services
income_statement,IS_REVENUE_FROM_SECURITIES_INVESTMENT_AND_CAPITAL_CONTRIBUTION,"Doanh thu hoạt động đầu tư chứng khoán, góp vốn",doanh_thu_hoat_dong_dau_tu_chung_khoan_gop_von,doanh_thu_hoat_dong_dau_tu_chung_khoan_gop_von,revenue_from_securities_investment_and_capital_contribution,
income_statement,IS_REVENUE_FROM_SHARE_ISSUE_GUARANTEE_AND_AGENCY_ACTIVITIES,Doanh thu nghiệp vụ bảo lãnh phát hành chứng khoán,doanh_thu_nghiep_vu_bao_lanh_phat_hanh_chung_khoan,doanh_thu_nghiep_vu_bao_lanh_phat_hanh_chung_khoan,1_7_revenue_from_share_issue_guarantee_and_agency_activities,1_7_revenue_from_share_issue_guarantee_and_agency_activities
income_statement,IS_REVENUE_FROM_SECURITIES_INVESTMENT_ADVISORY_SERVICES,Doanh thu nghiệp vụ tư vấn đầu tư chứng khoán,doanh_thu_nghiep_vu_tu_van_dau_tu_chung_khoan,doanh_thu_nghiep_vu_tu_van_dau_tu_chung_khoan,,
income_statement,IS_REVENUE_FROM_INVESTMENT_ADVISORY_SERVICES,Doanh thu hoạt động tư vấn tài chính,doanh_thu_hoat_dong_tu_van_tai_chinh,doanh_thu_hoat_dong_tu_van_tai_chinh,,1_8_revenue_from_investment_advisory_services
income_statement,IS_REVENUE_FROM_SECURITIES_CUSTODY_SERVICES,Doanh thu lưu ký chứng khoán,doanh_thu_luu_ky_chung_khoan,doanh_thu_luu_ky_chung_khoan,1_10_revenue_from_securities_custody_services,1_10_revenue_from_securities_custody_services
income_statement,IS_REVENUE_FROM_ENTRUSTED_AUCTION_SERVICES,"Doanh thu hoạt động ủy thác, đấu giá",doanh_thu_hoat_dong_uy_thac_dau_gia,doanh_thu_hoat_dong_uy_thac_dau_gia,1_9_revenue_from_entrusted_auction_services,
income_statement,IS_REVENUE_FROM_PROPERTY_LEASE,Thu cho thuê sử dụng tài sản,thu_cho_thue_su_dung_tai_san,thu_cho_thue_su_dung_tai_san,revenue_from_property_lease,
income_statement,IS_OTHER_REVENUE,Doanh thu khác,doanh_thu_khac,doanh_thu_khac,1_11_other_revenue,1_11_other_revenue
income_statement,IS_SHARE_OF_ASSOCIATES_AND_JOINT_VENTURES_RESULT,"Phần lãi hoặc lỗ trong công ty liên doanh, liên kết",share_of_associates_and_joint_ventures_result,phan_lai_hoac_lo_trong_cong_ty_lien_doanh_lien_ket,,8_share_of_associates_and_joint_ventures_result
income_statement,IS_GAINS_FROM_FINANCIAL_ASSETS_AT_FAIR_VALUE_THROUGH_PROFIT_OR_LOSS_FVTPL,Lãi từ các tài sản tài chính ghi nhận thông qua lãi/lỗ,lai_tu_cac_tai_san_tai_chinh_ghi_nhan_thong_qua_lai_lo,lai_tu_cac_tai_san_tai_chinh_ghi_nhan_thong_qua_lai_lo,1_1_gains_from_financial_assets_at_fair_value_through_profit_or_loss_fvtpl,1_1_gains_from_financial_assets_at_fair_value_through_profit_or_loss_fvtpl
income_statement,IS_A_REALISED_GAINS_ON_DISPOSALS_OF_FVTPL_FINANCIAL_ASSETS,Lãi bán các tài sản tài chính FVTPL,lai_ban_cac_tai_san_tai_chinh_fvtpl,lai_ban_cac_tai_san_tai_chinh_fvtpl,a_realised_gains_on_disposals_of_fvtpl_financial_assets,a_realised_gains_on_disposals_of_fvtpl_financial_assets
income_statement,IS_B_GAINS_FROM_REVALUATION_OF_FVTPL_FINANCIAL_ASSETS,Chênh lệch tăng đánh giá lại các TSTC thông qua lãi/lỗ,chenh_lech_tang_danh_gia_lai_cac_tstc_thong_qua_lai_lo,chenh_lech_tang_danh_gia_lai_cac_tstc_thong_qua_lai_lo,b_gains_from_revaluation_of_fvtpl_financial_assets,b_gains_from_revaluation_of_fvtpl_financial_assets
income_statement,IS_C_DIVIDENDS_AND_INTEREST_INCOME_FROM_FVTPL_FINANCIAL_ASSETS,"Cổ tức, tiền lãi phát sinh từ tài sản tài chính FVTPL",co_tuc_tien_lai_phat_sinh_tu_tai_san_tai_chinh_fvtpl,co_tuc_tien_lai_phat_sinh_tu_tai_san_tai_chinh_fvtpl,c_dividends_and_interest_income_from_fvtpl_financial_assets,c_dividends_and_interest_income_from_fvtpl_financial_assets
income_statement,IS_GAINS_FROM_HELD_TO_MATURITY_INVESTMENTS,Lãi từ các khoản đầu tư nắm giữ đến ngày đáo hạn,lai_tu_cac_khoan_dau_tu_nam_giu_den_ngay_dao_han,lai_tu_cac_khoan_dau_tu_nam_giu_den_ngay_dao_han,1_2_gains_from_held_to_maturity_investments,1_2_gains_from_held_to_maturity_investments
income_statement,IS_INTEREST_INCOME_FROM_LOANS_AND_RECEIVABLES,Lãi từ các khoản cho vay và phải thu,lai_tu_cac_khoan_cho_vay_va_phai_thu,lai_tu_cac_khoan_cho_vay_va_phai_thu,1_3_interest_income_from_loans_and_receivables,1_3_interest_income_from_loans_and_receivables
income_statement,IS_GAINS_FROM_AVAILABLE_FOR_SALE_FINANCIAL_ASSETS_AFS,Lãi từ các tài sản tài chính sẵn sàng để bán,lai_tu_cac_tai_san_tai_chinh_san_sang_de_ban,lai_tu_cac_tai_san_tai_chinh_san_sang_de_ban,1_4_gains_from_available_for_sale_financial_assets_afs | 2_4_selling_loss_available_for_sale_financial_assets_afs,1_4_gains_from_available_for_sale_financial_assets_afs
income_statement,IS_GAINS_FROM_HEDGING_DERIVATIVE_TOOLS,Lãi từ các công cụ phát sinh phòng ngừa rủi ro,lai_tu_cac_cong_cu_phat_sinh_phong_ngua_rui_ro,lai_tu_cac_cong_cu_phat_sinh_phong_ngua_rui_ro,1_5_gains_from_hedging_derivative_tools,
income_statement,IS_HELD_TO_MATURITY_INVESTMENTS_HTM,Lỗ các khoản đầu tư nắm giữ đến ngày đáo hạn,lo_cac_khoan_dau_tu_nam_giu_den_ngay_dao_han,lo_cac_khoan_dau_tu_nam_giu_den_ngay_dao_han,2_1_held_to_maturity_investments_htm | 2_2_loss_from_held_to_maturity_investments,
income_statement,IS_INTEREST_EXPENSES_LOSSES_FROM_LOANS_AND_RECEIVABLES,"Chi phí lãi vay, lỗ từ các khoản cho vay và phải thu",chi_phi_lai_vay_lo_tu_cac_khoan_cho_vay_va_phai_thu,chi_phi_lai_vay_lo_tu_cac_khoan_cho_vay_va_phai_thu,2_3_interest_expenses_losses_from_loans_and_receivables,
income_statement,IS_SELLING_LOSS_AVAILABLE_FOR_SALE_FINANCIAL_ASSETS_AFS,Lỗ và ghi nhận chênh lệch đánh giá theo giá trị hợp lý tài sản tài chính sẵn sàng để bán khi phân loại lại,lo_va_ghi_nhan_chenh_lech_danh_gia_theo_gia_tri_hop_ly_tai_san_tai_chinh_san_sang_de_ban_khi_phan_loai_lai,lo_va_ghi_nhan_chenh_lech_danh_gia_theo_gia_tri_hop_ly_tai_san_tai_chinh_san_sang_de_ban_khi_phan_loai_lai,,
income_statement,IS_LOSS_FROM_HEDGING_DERIVATIVE_TOOLS,Lỗ từ các tài sản tài chính phái sinh phòng ngừa rủi ro,lo_tu_cac_tai_san_tai_chinh_phai_sinh_phong_ngua_rui_ro,lo_tu_cac_tai_san_tai_chinh_phai_sinh_phong_ngua_rui_ro,2_5_loss_from_hedging_derivative_tools,
income_statement,IS_SECURITIES_INVESTMENT_ADVISORY_EXPENSES,Chi phí nghiệp vụ tư vấn đầu tư chứng khoán,chi_phi_nghiep_vu_tu_van_dau_tu_chung_khoan,chi_phi_nghiep_vu_tu_van_dau_tu_chung_khoan,,
income_statement,IS_EXPENSES_OF_AUCTION_AND_TRUST_ACTIVITIES,"Chí phí hoạt động đấu giá, ủy thác",chi_phi_hoat_dong_dau_gia_uy_thac,chi_phi_hoat_dong_dau_gia_uy_thac,2_10_expenses_of_auction_and_trust_activities,
income_statement,IS_IN_WHICH_EXPENSES_FIXING_TRADING_ERROR_OTHER_ERROR,"Chi phí sửa lỗi giao dịch chứng khoán, lỗi khác",chi_phi_sua_loi_giao_dich_chung_khoan_loi_khac,chi_phi_sua_loi_giao_dich_chung_khoan_loi_khac,in_which_expenses_fixing_trading_error_other_error,
income_statement,IS_DIVIDENDS_INTEREST_INCOME_FROM_DEMAND_DEPOSITS,"Doanh thu, dự thu cổ tức, lãi tiền gửi không cố định phát sinh trong kỳ",doanh_thu_du_thu_co_tuc_lai_tien_gui_khong_co_dinh_phat_sinh_trong_ky,doanh_thu_du_thu_co_tuc_lai_tien_gui_khong_co_dinh_phat_sinh_trong_ky,3_2_dividends_interest_income_from_demand_deposits,3_2_dividends_interest_income_from_demand_deposits
income_statement,IS_REALIZED_AND_UNREALIZED_GAIN_FROM_CHANGES_IN_FOREIGN_EXCHANGE_RATES,Chênh lệch lãi tỷ giá hối đoái đã và chưa thực hiện,chenh_lech_lai_ty_gia_hoi_doai_da_va_chua_thuc_hien,chenh_lech_lai_ty_gia_hoi_doai_da_va_chua_thuc_hien,3_1_realized_and_unrealized_gain_from_changes_in_foreign_exchange_rates,3_1_realized_and_unrealized_gain_from_changes_in_foreign_exchange_rates
income_statement,IS_GAINS_FROM_DISPOSAL_INVESTMENTS_IN_SUBSIDIARIES_ASSOCIATES_JOINT_VENTURES,"Lãi bán, thanh lý các khoản đầu tư vào công ty con, liên kết, liên doanh",lai_ban_thanh_ly_cac_khoan_dau_tu_vao_cong_ty_con_lien_ket_lien_doanh,lai_ban_thanh_ly_cac_khoan_dau_tu_vao_cong_ty_con_lien_ket_lien_doanh,3_3_gains_from_disposal_investments_in_subsidiaries_associates_joint_ventures,
income_statement,IS_OTHER_INCOME_ABOUT_INVESTMENT,Doanh thu khác về đầu tư,doanh_thu_khac_ve_dau_tu,doanh_thu_khac_ve_dau_tu,3_4_other_income_about_investment,
income_statement,IS_LOSS_FROM_DISPOSAL_INVESTMENTS_IN_SUBSIDIARIES_ASSOCIATES_JOINT_VENTURES,"Lỗ bán, thanh lý các khoản đầu tư vào công ty con, liên kết, liên doanh",lo_ban_thanh_ly_cac_khoan_dau_tu_vao_cong_ty_con_lien_ket_lien_doanh,lo_ban_thanh_ly_cac_khoan_dau_tu_vao_cong_ty_con_lien_ket_lien_doanh,4_3_loss_from_disposal_investments_in_subsidiaries_associates_joint_ventures,
income_statement,IS_EXPENSES_FOR_PROVISION_FOR_IMPAIRMENT_OF_LONG_TERM_FINANCIAL_INVESTMENTS,Chi phí dự phòng suy giảm giá trị các khoản đầu tư tài chính dài hạn,chi_phi_du_phong_suy_giam_gia_tri_cac_khoan_dau_tu_tai_chinh_dai_han,chi_phi_du_phong_suy_giam_gia_tri_cac_khoan_dau_tu_tai_chinh_dai_han,expenses_for_provision_for_impairment_of_long_term_financial_investments,
income_statement,IS_SELLING_EXPENSES,Chi phí bán hàng,selling_expenses,chi_phi_ban_hang,selling_expenses | 18_selling_expenses | 9_selling_expenses,
income_statement,IS_REALISED_PROFIT,Lợi nhuận đã thực hiện,loi_nhuan_da_thuc_hien,loi_nhuan_da_thuc_hien,7_1_realised_profits | 9_1_realised_profit,9_1_realised_profit
income_statement,IS_UNREALISED_PROFIT,Lợi nhuận chưa thực hiện,loi_nhuan_chua_thuc_hien,loi_nhuan_chua_thuc_hien,7_2_unrealised_losses | 9_2_unrealised_profit,9_2_unrealised_profit
income_statement,IS_PROFIT_AFTER_TAX_TAKEN_FROM_FUNDS,"LNST trích các Quỹ dự trữ điều lệ, Quỹ Dự phòng tài chính và rủi ro nghề nghiệp",lnst_trich_cac_quy_du_tru_dieu_le_quy_du_phong_tai_chinh_va_rui_ro_nghe_nghiep,lnst_trich_cac_quy_du_tru_dieu_le_quy_du_phong_tai_chinh_va_rui_ro_nghe_nghiep,11_2_profit_after_tax_taken_from_funds,
income_statement,IS_GAINS_LOSS_FROM_REVALUATION_OF_HELD_TO_MATURITY_INVESTMENTS,Lãi/(lỗ) từ đánh giá lại các các khoản đầu tư giữ đến ngày đáo hạn,lai_lo_tu_danh_gia_lai_cac_cac_khoan_dau_tu_giu_den_ngay_dao_han,lai_lo_tu_danh_gia_lai_cac_cac_khoan_dau_tu_giu_den_ngay_dao_han,12_1_gains_loss_from_revaluation_of_held_to_maturity_investments,
income_statement,IS_GAINS_LOSS_FROM_REVALUATION_OF_AVAILABLES_FOR_SALE_FINANCIAL_ASSETS,Lãi/(lỗ) từ đánh giá lại các tài sản tài chính sẵn sàng để bán,lai_lo_tu_danh_gia_lai_cac_tai_san_tai_chinh_san_sang_de_ban,lai_lo_tu_danh_gia_lai_cac_tai_san_tai_chinh_san_sang_de_ban,12_2_gains_loss_from_revaluation_of_availables_for_sale_financial_assets | gains_from_disposals_of_avalable_for_sale_financial_assets,12_2_gains_loss_from_revaluation_of_availables_for_sale_financial_assets
income_statement,IS_OTHER_TOTAL_GAINS_LOSS_ARE_DIVIDEND_FROM_INVESTMENTS_IN_SUBSIDIARIES_ASSOCIATES_JOINT_VENTURES,"Lãi/(lỗ) toàn diện khác được chia từ hoạt động đầu tư vào công ty con, đầu tư liên kết, liên doanh",lai_lo_toan_dien_khac_duoc_chia_tu_hoat_dong_dau_tu_vao_cong_ty_con_dau_tu_lien_ket_lien_doanh,lai_lo_toan_dien_khac_duoc_chia_tu_hoat_dong_dau_tu_vao_cong_ty_con_dau_tu_lien_ket_lien_doanh,12_3_other_total_gains_loss_are_dividend_from_investments_in_subsidiaries_associates_joint_ventures,
income_statement,IS_GAINS_LOSS_FROM_REVALUATION_OF_DERIVATIVE_FINANCIAL_TOOLS,Lãi/(lỗ) từ đánh giá lại các công cụ tài chính phái sinh,lai_lo_tu_danh_gia_lai_cac_cong_cu_tai_chinh_phai_sinh,lai_lo_tu_danh_gia_lai_cac_cong_cu_tai_chinh_phai_sinh,12_4_gains_loss_from_revaluation_of_derivative_financial_tools,
income_statement,IS_GAINS_LOSS_FROM_REALIZED_AND_UNREALIZED_LOSS_FROM_CHANGES_IN_FOREIGN_EXCHANGE_RATES,Lãi/(lỗ) chênh lệch tỷ giá của hoạt động tại nước ngoài,lai_lo_chenh_lech_ty_gia_cua_hoat_dong_tai_nuoc_ngoai,lai_lo_chenh_lech_ty_gia_cua_hoat_dong_tai_nuoc_ngoai,12_5_gains_loss_from_realized_and_unrealized_loss_from_changes_in_foreign_exchange_rates,
income_statement,IS_GAINS_LOSS_FROM_INVESTMENTS_IN_SUBSIDIARIES_ASSOCIATES_JOINT_VENTURES_ARE_NOT_YET_DIVIDED,"Lãi/(lỗ) từ các khoản đầu tư vào công ty con. Công ty liên kết, liên doanh chưa chia",lai_lo_tu_cac_khoan_dau_tu_vao_cong_ty_con_cong_ty_lien_ket_lien_doanh_chua_chia,lai_lo_tu_cac_khoan_dau_tu_vao_cong_ty_con_cong_ty_lien_ket_lien_doanh_chua_chia,12_6_gains_loss_from_investments_in_subsidiaries_associates_joint_ventures_are_not_yet_divided,
income_statement,IS_GAINS_LOSS_FROM_REVALUATION_OF_DERIVATIVE_TOOLS,Lãi/(lỗ) đánh giá công cụ phái sinh,lai_lo_danh_gia_cong_cu_phai_sinh,lai_lo_danh_gia_cong_cu_phai_sinh,12_7_gains_loss_from_revaluation_of_derivative_tools,
income_statement,IS_GAINS_LOSS_FROM_REVALUATION_FIXED_ASSETS_BY_REASONABLE_VALUE_MODEL,Lãi/(lỗ) đánh giá lại tài sản cố định theo mô hình giá trị hợp lý,lai_lo_danh_gia_lai_tai_san_co_dinh_theo_mo_hinh_gia_tri_hop_ly,lai_lo_danh_gia_lai_tai_san_co_dinh_theo_mo_hinh_gia_tri_hop_ly,12_8_gains_loss_from_revaluation_fixed_assets_by_reasonable_value_model,
income_statement,IS_NET_INCOME_APPROPRIATED_TO_ORDINARY_SHAREHOLDERS,THU NHẬP THUẦN TRÊN CỔ PHIẾU PHỔ THÔNG,thu_nhap_thuan_tren_co_phieu_pho_thong,thu_nhap_thuan_tren_co_phieu_pho_thong,xiii_net_income_appropriated_to_ordinary_shareholders,
income_statement,IS_TOTAL_OTHER_COMPREHENSIVE_INCOME,THU NHẬP (LỖ) TOÀN DIỆN KHÁC SAU THUẾ,thu_nhap_lo_toan_dien_khac_sau_thue,thu_nhap_lo_toan_dien_khac_sau_thue,,total_other_comprehensive_income
income_statement,IS_FINANCIAL_INCOME,Doanh thu hoạt động tài chính,financial_income,doanh_thu_hoat_dong_tai_chinh,,7_financial_income | 21_revenue_from_financial_activities
income_statement,IS_GROSS_WRITTEN_PREMIUM,Thu phí bảo hiểm gốc,thu_phi_bao_hiem_goc,thu_phi_bao_hiem_goc,1_gross_written_premium,1_gross_written_premium
income_statement,IS_REINSURANCE_PREMIUM_ASSUMED,Thu phí nhận tái bảo hiểm,thu_phi_nhan_tai_bao_hiem,thu_phi_nhan_tai_bao_hiem,,2_reinsurance_premium_assumed
income_statement,IS_INCREASE_DECREASE_IN_CEDED_UNEARNED_PREMIUM_RESERVE,Giảm phí,giam_phi,giam_phi,premium_deduction | increase_decrease_in_ceded_unearned_premium_reserve | premium_returns,increase_decrease_in_ceded_unearned_premium_reserve
income_statement,IS_OTHER_DEDUCTIONS,Các khoản giảm trừ khác,cac_khoan_giam_tru_khac,cac_khoan_giam_tru_khac,,
income_statement,IS_INCREASE_DECREASE_IN_UNEARNED_PREMIUM_RESERVE_AND_TECHNICAL_RESERVE,Tăng do dư phòng phí chưa được hưởng và dự phòng toán học,tang_do_du_phong_phi_chua_duoc_huong_va_du_phong_toan_hoc,tang_do_du_phong_phi_chua_duoc_huong_va_du_phong_toan_hoc,4_increase_decrease_in_unearned_premium_reserve_and_technical_reserve,
income_statement,IS_COMMISSIONS_ON_REINSURANCE_CEDED,Thu hoa hồng nhượng tái bảo hiểm,thu_hoa_hong_nhuong_tai_bao_hiem,thu_hoa_hong_nhuong_tai_bao_hiem,5_commissions_on_reinsurance_ceded,5_commissions_on_reinsurance_ceded
income_statement,IS_INCOME_ON_REINSURANCE_ASSUMED,Thu nhập từ bảo hiểm nhượng,thu_nhap_tu_bao_hiem_nhuong,thu_nhap_tu_bao_hiem_nhuong,income_on_reinsurance_assumed,
income_statement,IS_INCOME_ON_REINSURANCE_CEDED,Thu nhập từ bảo hiểm nhượng,thu_nhap_tu_bao_hiem_nhuong,thu_nhap_tu_bao_hiem_nhuong,income_on_reinsurance_ceded,
income_statement,IS_TOTAL_NET_REVENUE_FROM_INSURANCE_BUSINESS,Doanh thu thuần từ hoạt động kinhdong_bao_hiem,doanh_thu_thuan_tu_hoat_dong_kinh_doanh_bao_hiem,doanh_thu_thuan_tu_hoat_dong_kinh_doanh_bao_hiem,7_total_net_revenue_from_insurance_business,7_total_net_revenue_from_insurance_business
income_statement,IS_DEDUCTIONS,Các khoản giảm trừ chi phí,cac_khoan_giam_tru_chi_phi,cac_khoan_giam_tru_chi_phi,3_deductions | 10_deductions | subrogation_recoveries,10_deductions
income_statement,IS_REINSURANCE_CESSION_REVENUE,Thu bồi thường nhượng tái bảo hiểm,thu_boi_thuong_nhuong_tai_bao_hiem,thu_boi_thuong_nhuong_tai_bao_hiem,,
income_statement,IS_SALVAGES,Thu xử lý hàng bồi thường 100%,thu_xu_ly_hang_boi_thuong_100,thu_xu_ly_hang_boi_thuong_100,salvages,salvages
income_statement,IS_RETAINED_CLAIMS,Bồi thường thuộc trách nhiệm giữ lại,boi_thuong_thuoc_trach_nhiem_giu_lai,boi_thuong_thuoc_trach_nhiem_giu_lai,,
income_statement,IS_SUBROGATION_RECOVERY_EXPENSES,Chi đòi người thứ 3,chi_doi_nguoi_thu_3,chi_doi_nguoi_thu_3,subrogation_recovery_expenses,
income_statement,IS_SALVAGE_EXPENSES,Chi xử lý hàng bồi thường 100%,chi_xu_ly_hang_boi_thuong_100,chi_xu_ly_hang_boi_thuong_100,salvage_expenses,
income_statement,IS_RISK_MINIMIZATION_EXPENSES,Chi đề phòng hạn chế tổn thất,chi_de_phong_han_che_ton_that,chi_de_phong_han_che_ton_that,risk_minimization_expenses,
income_statement,IS_LOSS_ADJUSTING_FEE_RISK_ASSESSMENT,Chi đánh giá rủi ro đối tượng được bảo hiểm,chi_danh_gia_rui_ro_doi_tuong_duoc_bao_hiem,chi_danh_gia_rui_ro_doi_tuong_duoc_bao_hiem,loss_adjusting_fee_risk_assessment,
income_statement,IS_OTHER_REINSURANCE_ASSUMED_EXPENSES,Chi khác nhận tái bảo hiểm,chi_khac_nhan_tai_bao_hiem,chi_khac_nhan_tai_bao_hiem,other_reinsurance_assumed_expenses,
income_statement,IS_OTHER_REINSURANCE_CEDED_EXPENSES,Chi nhượng tái bảo hiểm khác,chi_nhuong_tai_bao_hiem_khac,chi_nhuong_tai_bao_hiem_khac,other_reinsurance_ceded_expenses,
income_statement,IS_OTHER_DIRECT_OPERATING_EXPENSES,Chi phí trực tiếp kinh doanh hoạt động khác,chi_phi_truc_tiep_kinh_doanh_hoat_dong_khac,chi_phi_truc_tiep_kinh_doanh_hoat_dong_khac,other_direct_operating_expenses,
income_statement,IS_GROSS_INSURANCE_OPERATING_PROFIT,Lợi nhuận gộp hoạt động kinh doanh bảo hiểm,loi_nhuan_gop_hoat_dong_kinh_doanh_bao_hiem,loi_nhuan_gop_hoat_dong_kinh_doanh_bao_hiem,17_gross_insurance_operating_profit,17_gross_insurance_operating_profit
income_statement,IS_BANKING_ACTIVITY_INCOME,Thu nhập từ hoạt động ngân hàng,thu_nhap_tu_hoat_dong_ngan_hang,thu_nhap_tu_hoat_dong_ngan_hang,,
income_statement,IS_BANKING_ACTIVITY_EXPENSES,Chi phí từ hoạt động ngân hàng,chi_phi_tu_hoat_dong_ngan_hang,chi_phi_tu_hoat_dong_ngan_hang,,
income_statement,IS_NET_INCOME_BANKING_ACTIVITY,Thu nhập thuần từ hoạt động ngân hàng,thu_nhap_thuan_tu_hoat_dong_ngan_hang,thu_nhap_thuan_tu_hoat_dong_ngan_hang,,
income_statement,IS_OTHER_ACTIVITY_INCOME,Thu nhập từ hoạt động khác,thu_nhap_tu_hoat_dong_khac,thu_nhap_tu_hoat_dong_khac,,
income_statement,IS_OTHER_ACTIVITY_EXPENSES,Chi phí từ hoạt động khác,chi_phi_tu_hoat_dong_khac,chi_phi_tu_hoat_dong_khac,,
income_statement,IS_NET_INCOME_OTHER_ACTIVITIES,Thu nhập thuần từ các hoạt động khác,thu_nhap_thuan_tu_cac_hoat_dong_khac,thu_nhap_thuan_tu_cac_hoat_dong_khac,,
income_statement,IS_DIRECT_BANKING_MANAGEMENT_EXPENSES,Chi phí quản lý liên quan trực tiếp đến hoạt động ngân hàng,chi_phi_quan_ly_lien_quan_truc_tiep_den_hoat_dong_ngan_hang,chi_phi_quan_ly_lien_quan_truc_tiep_den_hoat_dong_ngan_hang,,
income_statement,IS_OTHER_MANAGEMENT_EXPENSES,Chi phí quản lý doanh nghiệp liên quan đến các lĩnh vực khác,chi_phi_quan_ly_doanh_nghiep_lien_quan_den_cac_linh_vuc_khac,chi_phi_quan_ly_doanh_nghiep_lien_quan_den_cac_linh_vuc_khac,,
income_statement,IS_PROFIT_FROM_INSURANCE_OPERATING,Lợi nhuận thuần hoạt động kinh doanh bảo hiểm,loi_nhuan_thuan_hoat_dong_kinh_doanh_bao_hiem,loi_nhuan_thuan_hoat_dong_kinh_doanh_bao_hiem,20_profit_from_insurance_operating,
income_statement,IS_NET_PROFIT_BANKING_ACTIVITY,Lãi thuần từ hoạt động ngân hàng,lai_thuan_tu_hoat_dong_ngan_hang,lai_thuan_tu_hoat_dong_ngan_hang,,
income_statement,IS_PROFIT_FORM_FINANCIAL_ACTIVITIES,Lợi nhuận hoạt động tài chính,loi_nhuan_hoat_dong_tai_chinh,loi_nhuan_hoat_dong_tai_chinh,23_profit_form_financial_activities,23_profit_form_financial_activities
income_statement,IS_EQUALIZATION_RESERVE,Dự phòng đảm bảo cân đối,du_phong_dam_bao_can_doi,du_phong_dam_bao_can_doi,6_equalization_reserve | 30_equalization_reserve,
income_statement,IS_RECOVERIES_FROM_REINSURANCE_CEDED,Thu bồi thường từ nhượng tái bảo hiểm,thu_boi_thuong_tu_nhuong_tai_bao_hiem,thu_boi_thuong_tu_nhuong_tai_bao_hiem,,recoveries_from_reinsurance_ceded
income_statement,IS_INCREASE_DECREASE_IN_MATHEMATICAL_RESERVE,Tăng/(giảm) dự phòng toán học,tang_giam_du_phong_toan_hoc,tang_giam_du_phong_toan_hoc,increase_decrease_in_mathematical_reserve,
income_statement,IS_INCREASE_DECREASE_IN_CLAIM_RESERVES_RELATED_TO_REINSURANCE_CEDED,Tăng/(giảm) dự phòng bồi thường nhượng tái bảo hiểm,tang_giam_du_phong_boi_thuong_nhuong_tai_bao_hiem,tang_giam_du_phong_boi_thuong_nhuong_tai_bao_hiem,9_increase_decrease_in_claim_reserves_related_to_reinsurance_ceded,9_increase_decrease_in_claim_reserves_related_to_reinsurance_ceded
income_statement,IS_NET_LOSS_LIFE_INSURANCE,Lỗ thuần từ hoạt động bảo hiểm nhân thọ,lo_thuan_tu_hoat_dong_bao_hiem_nhan_tho,lo_thuan_tu_hoat_dong_bao_hiem_nhan_tho,,
income_statement,IS_NET_PROFIT_NON_LIFE_INSURANCE,Lãi thuần từ hoạt động bảo hiểm phi nhân thọ,lai_thuan_tu_hoat_dong_bao_hiem_phi_nhan_tho,lai_thuan_tu_hoat_dong_bao_hiem_phi_nhan_tho,,
income_statement,IS_REVENUE_FROM_PROPERTIES_INVESTMENT,Doanh thu từ kinh doanh bất động sản đầu tư,doanh_thu_tu_kinh_doanh_bat_dong_san_dau_tu,doanh_thu_tu_kinh_doanh_bat_dong_san_dau_tu,15_revenue_from_properties_investment,15_revenue_from_properties_investment
income_statement,IS_OTHER_PROFIT,Thu nhập khác,other_profit,thu_nhap_khac,26_other_profits | 14_other_profit,14_other_profit
income_statement,IS_INTEREST_AND_SIMILAR_EXPENSES,Chi phí lãi và các chi phí tương tự,chi_phi_lai_va_cac_chi_phi_tuong_tu,chi_phi_lai_va_cac_chi_phi_tuong_tu,,id | invert | 2_interest_expense_and_similar_expenses
income_statement,IS_FEE_AND_COMMISSION_EXPENSES,Chi phí hoạt động dịch vụ,fee_and_commission_expenses,chi_phi_hoat_dong_dich_vu,4_fee_and_commission_expenses,id | invert | 4_fee_and_commission_expenses
income_statement,IS_OPERATING_EXPENSES,Chi phí hoạt động,operating_expenses,chi_phi_hoat_dong,,
income_statement,IS_PROVISION_FOR_CREDIT_LOSSES,Chi phí dự phòng rủi ro tín dụng,provision_for_credit_losses,chi_phi_du_phong_rui_ro_tin_dung,x_provision_for_credit_losses,id | invert | x_provision_for_credit_losses
income_statement,IS_CORPORATE_INCOME_TAX_EXPENSES,Chi phí thuế thu nhập doanh nghiệp,chi_phi_thue_thu_nhap_doanh_nghiep,chi_phi_thue_thu_nhap_doanh_nghiep,corporate_income_tax | 18_corporate_income_tax_paid,32_current_corporate_income_tax_expenses | xii_corporate_income_tax
income_statement,IS_BASIC_EARNINGS_PER_SHARE,Lãi cơ bản trên cổ phiếu,lai_co_ban_tren_co_phieu,lai_co_ban_tren_co_phieu,earning_per_share_vnd | 13_1_earning_per_share_vnd | 37_1_earning_per_share_vnd | 19_earnings_per_share_vnd,19_earnings_per_share_vnd | 13_1_earning_per_share_vnd | earning_per_share_vnd | 37_1_earning_per_share_vnd
income_statement,IS_DILUTED_EARNINGS_PER_SHARE,Lãi suy giảm trên cổ phiếu,diluted_earnings_per_share,lai_suy_giam_tren_co_phieu,13_2_diluted_earning_per_share | 20_diluted_earnings_per_share,13_1_earning_per_share_vnd | 19_earnings_per_share_vnd
income_statement,IS_OTHER_EXPENSES,Chi phí khác,other_expenses,chi_phi_khac,,id | invert | 13_other_expenses
income_statement,IS_REVENUE_DEDUCTIONS,Các khoản giảm trừ doanh thu,cac_khoan_giam_tru_doanh_thu,cac_khoan_giam_tru_doanh_thu,,id | invert | 2_deduction_from_revenue
income_statement,IS_COST_OF_GOODS_SOLD,Giá vốn hàng bán,cost_of_goods_sold,gia_von_hang_ban,4_cost_of_goods_sold,id | invert | operating_expenses_21_33 | 4_cost_of_goods_sold
income_statement,IS_GENERAL_AND_ADMINISTRATIVE_EXPENSES,Chi phí quản lý doanh nghiệp,general_and_administrative_expenses,chi_phi_quan_ly_doanh_nghiep,,id | invert | vi_general_and_administrative_expenses | 19_administrative_expenses | 10_general_and_administrative_expenses
income_statement,IS_LOSS_FROM_FVTPL_FINANCIAL_ASSETS,Lỗ các tài sản tài chính ghi nhận thông qua lãi lỗ,lo_cac_tai_san_tai_chinh_ghi_nhan_thong_qua_lai_lo,lo_cac_tai_san_tai_chinh_ghi_nhan_thong_qua_lai_lo,2_1_loss_from_financial_assets_at_fair_value_through_profit_or_loss_fvtpl,id | invert | 2_1_loss_from_financial_assets_at_fair_value_through_profit_or_loss_fvtpl
income_statement,IS_LOSS_FROM_DISPOSAL_OF_FINANCIAL_ASSETS,Lỗ bán các tài sản tài chính,lo_ban_cac_tai_san_tai_chinh,lo_ban_cac_tai_san_tai_chinh,a_loss_from_disposals_of_financial_assets_at_fvtpl,id | invert | a_loss_from_disposals_of_financial_assets_at_fvtpl
income_statement,IS_LOSS_FROM_REVALUATION_OF_FVTPL_FINANCIAL_ASSETS,Chênh lệch giảm đánh giá lại các TSTC thông qua lãi/lỗ,chenh_lech_giam_danh_gia_lai_cac_tstc_thong_qua_lai_lo,chenh_lech_giam_danh_gia_lai_cac_tstc_thong_qua_lai_lo,b_loss_from_revaluation_of_financial_assets_at_fvtpl,id | invert | b_loss_from_revaluation_of_financial_assets_at_fvtpl
income_statement,IS_TRANSACTION_COSTS_FOR_FVTPL_FINANCIAL_ASSETS,Chi phí giao dịch mua các tài sản tài chính FVTPL,chi_phi_giao_dich_mua_cac_tai_san_tai_chinh_fvtpl,chi_phi_giao_dich_mua_cac_tai_san_tai_chinh_fvtpl,c_transaction_cost_of_acquisition_of_financial_assets_at_fvtpl,id | invert | c_transaction_cost_of_acquisition_of_financial_assets_at_fvtpl
income_statement,IS_PROVISION_EXPENSES_FOR_FINANCIAL_ASSETS_AND_DOUBTFUL_DEBTS,"CP dự phòng TSTC, xử lý tổn thất các khoản phải thu khó đòi là lỗ suy giảm TSTC và CP đi vay",cp_du_phong_tstc_xu_ly_ton_that_cac_khoan_phai_thu_kho_doi_la_lo_suy_giam_tstc_va_cp_di_vay,cp_du_phong_tstc_xu_ly_ton_that_cac_khoan_phai_thu_kho_doi_la_lo_suy_giam_tstc_va_cp_di_vay,,id | invert | reversal_provision_expenses_for_diminution_in_value_and_impairment_of_financial_assets_and_doubtful_debts_and_borrowing_costs_of_loans
income_statement,IS_PROPRIETARY_TRADING_EXPENSES,Chi phí hoạt động tự doanh,chi_phi_hoat_dong_tu_doanh,chi_phi_hoat_dong_tu_doanh,2_6_expenses_for_proprietary_trading_activities,id | invert | 2_6_expenses_for_proprietary_trading_activities
income_statement,IS_SECURITIES_BROKERAGE_EXPENSES,Chi phí nghiệp vụ môi giới chứng khoán,chi_phi_nghiep_vu_moi_gioi_chung_khoan,chi_phi_nghiep_vu_moi_gioi_chung_khoan,2_7_expenses_for_brokerage_services,id | invert | 2_7_expenses_for_brokerage_services
income_statement,IS_UNDERWRITING_AND_ISSUANCE_AGENCY_EXPENSES,"Chi phí nghiệp vụ bảo lãnh, đại lý phát hành chứng khoán",chi_phi_nghiep_vu_bao_lanh_dai_ly_phat_hanh_chung_khoan,chi_phi_nghiep_vu_bao_lanh_dai_ly_phat_hanh_chung_khoan,2_8_expenses_for_underwriting_and_issurance_agency_services,id | invert | 2_8_expenses_for_underwriting_and_issurance_agency_services
income_statement,IS_SECURITIES_CUSTODY_EXPENSES,Chi phí nghiệp vụ lưu ký chứng khoán,chi_phi_nghiep_vu_luu_ky_chung_khoan,chi_phi_nghiep_vu_luu_ky_chung_khoan,2_11_expenses_for_secutiries_custodian_services,id | invert | 2_11_expenses_for_secutiries_custodian_services
income_statement,IS_FINANCIAL_ADVISORY_EXPENSES,Chi phí hoạt động tư vấn tài chính,chi_phi_hoat_dong_tu_van_tai_chinh,chi_phi_hoat_dong_tu_van_tai_chinh,2_9_expenses_for_financial_advisory_services,id | invert | 2_9_expenses_for_financial_advisory_services
income_statement,IS_OTHER_SERVICES_EXPENSES,Chi phí các dịch vụ khác,chi_phi_cac_dich_vu_khac,chi_phi_cac_dich_vu_khac,8_2_other_expenses | 2_12_other_expenses,id | invert | 2_12_other_expenses
income_statement,IS_REALIZED_AND_UNREALIZED_LOSS_FROM_FOREIGN_EXCHANGE,Chênh lệch lỗ tỷ giá hối đoái đã và chưa thực hiện,chenh_lech_lo_ty_gia_hoi_doai_da_va_chua_thuc_hien,chenh_lech_lo_ty_gia_hoi_doai_da_va_chua_thuc_hien,4_1_realized_and_unrealized_loss_from_changes_in_foreign_exchange_rates,id | invert | 4_1_realized_and_unrealized_loss_from_changes_in_foreign_exchange_rates
income_statement,IS_OTHER_INVESTMENT_EXPENSES,Chi phí đầu tư khác,chi_phi_dau_tu_khac,chi_phi_dau_tu_khac,4_4_other_investment_expenses,id | invert | 4_4_other_investment_expenses
income_statement,IS_TOTAL_COMPREHENSIVE_INCOME,Tổng thu nhập toàn diện,tong_thu_nhap_toan_dien,tong_thu_nhap_toan_dien,total_other_comprehensive_income,11_1_profit_after_tax_for_shareholders_of_the_parents_company
income_statement,IS_COMPREHENSIVE_INCOME_ATTRIBUTABLE_TO_OWNERS,Thu nhập toàn diện phân bổ cho chủ sở hữu,thu_nhap_toan_dien_phan_bo_cho_chu_so_huu,thu_nhap_toan_dien_phan_bo_cho_chu_so_huu,other_comprehensive_income_attribute_to_the_parent_company_s_owners,11_1_profit_after_tax_for_shareholders_of_the_parents_company
income_statement,IS_COMPREHENSIVE_INCOME_ATTRIBUTABLE_TO_NON_CONTROLLING_INTERESTS,Thu nhập toàn diện phân bổ cho cổ đông không nắm quyền kiểm soát,thu_nhap_toan_dien_phan_bo_cho_co_dong_khong_nam_quyen_kiem_soat,thu_nhap_toan_dien_phan_bo_cho_co_dong_khong_nam_quyen_kiem_soat,other_comprehensive_income_attribute_to_non_controling_interest,
income_statement,IS_FINANCIAL_EXPENSES,Chi phí tài chính,financial_expenses,chi_phi_tai_chinh,,id | invert | total_financial_expenses_51_54
income_statement,IS_INTEREST_EXPENSES,Chi phí lãi vay,interest_expenses,chi_phi_lai_vay,4_2_borrowing_costs,id | invert | 4_2_borrowing_costs
income_statement,IS_REINSURANCE_CEDED_PREMIUMS,Phí nhượng tái bảo hiểm,phi_nhuong_tai_bao_hiem,phi_nhuong_tai_bao_hiem,reinsurance_premium_ceded | 2_reinsurance_premium_ceded,id | invert | reinsurance_premium_ceded
income_statement,IS_DIRECT_INSURANCE_AND_MATURITY_CLAIMS_EXPENSES,Chi bồi thường bảo hiểm gốc và chi trả đáo hạn,chi_boi_thuong_bao_hiem_goc_va_chi_tra_dao_han,chi_boi_thuong_bao_hiem_goc_va_chi_tra_dao_han,8_claim_and_maturity_payment_expenses,id | invert | 8_claim_and_maturity_payment_expenses
income_statement,IS_ASSUMED_REINSURANCE_CLAIMS_EXPENSES,Chi bồi thường nhận tái bảo hiểm,chi_boi_thuong_nhan_tai_bao_hiem,chi_boi_thuong_nhan_tai_bao_hiem,9_claim_expenses_for_reinsurance_assumed,id | invert
income_statement,IS_CLAIMS_FROM_CATASTROPHE_RESERVE,Chi bồi thường từ quỹ dao động lớn,chi_boi_thuong_tu_quy_dao_dong_lon,chi_boi_thuong_tu_quy_dao_dong_lon,12_claim_expenses_using_catastrophe_reserve,id | invert | 14_provision_for_catastrophe_reserve
income_statement,IS_INCREASE_DECREASE_IN_CLAIM_RESERVES,Tăng/(giảm) dự phòng bồi thường,tang_giam_du_phong_boi_thuong,tang_giam_du_phong_boi_thuong,13_increase_in_claim_reserve,id | invert | 13_increase_in_claim_reserve
income_statement,IS_PROVISION_FOR_CATASTROPHE_RESERVE,Trích dự phòng dao động lớn,trich_du_phong_dao_dong_lon,trich_du_phong_dao_dong_lon,14_provision_for_catastrophe_reserve,id | invert | 14_provision_for_catastrophe_reserve
income_statement,IS_OTHER_INSURANCE_OPERATING_EXPENSES,Chi khác hoạt động kinh doanh bảo hiểm,chi_khac_hoat_dong_kinh_doanh_bao_hiem,chi_khac_hoat_dong_kinh_doanh_bao_hiem,other_insurance_operating_expenses | 15_other_insurance_operating_expenses,id | invert | 15_other_insurance_operating_expenses
income_statement,IS_OTHER_DIRECT_INSURANCE_EXPENSES,Chi khác hoạt động bảo hiểm gốc,chi_khac_hoat_dong_bao_hiem_goc,chi_khac_hoat_dong_bao_hiem_goc,other_underwriting_expenses,id | invert | 15_other_insurance_operating_expenses
income_statement,IS_DIRECT_INSURANCE_COMMISSION_EXPENSES,Chi hoa hồng bảo hiểm gốc,chi_hoa_hong_bao_hiem_goc,chi_hoa_hong_bao_hiem_goc,commission,id | invert | commission
income_statement,IS_OTHER_EXPENSES_INSURANCE,Chi khác,chi_khac,chi_khac,,id | invert | other_underwriting_expenses
income_statement,IS_TOTAL_DIRECT_INSURANCE_OPERATING_EXPENSES,Tổng chi trực tiếp hoạt động kinh doanh bảo hiểm,tong_chi_truc_tiep_hoat_dong_kinh_doanh_bao_hiem,tong_chi_truc_tiep_hoat_dong_kinh_doanh_bao_hiem,16_total_direct_insurance_operating_expenses,id | invert | 16_total_direct_insurance_operating_expenses
income_statement,IS_DIRECT_INSURANCE_MANAGEMENT_EXPENSES,Chi phí quản lý doanh nghiệp liên quan trực tiếp đến hoạt động bảo hiểm,chi_phi_quan_ly_doanh_nghiep_lien_quan_truc_tiep_den_hoat_dong_bao_hiem,chi_phi_quan_ly_doanh_nghiep_lien_quan_truc_tiep_den_hoat_dong_bao_hiem,,id | invert | 19_administrative_expenses
income_statement,IS_INCREASE_DECREASE_IN_UNEARNED_PREMIUM_RESERVE,Tăng/(giảm) dư phòng phí bảo hiểm chưa được hưởng,tang_giam_du_phong_phi_bao_hiem_chua_duoc_huong,tang_giam_du_phong_phi_bao_hiem_chua_duoc_huong,increase_decrese_in_gross_unearned_premium_reserve,id | invert | increase_decrese_in_gross_unearned_premium_reserve
income_statement,IS_INCREASE_DECREASE_IN_DIRECT_AND_ASSUMED_REINSURANCE_CLAIM_RESERVES,Tăng/(giảm) dự phòng bồi thường bảo hiểm gốc và nhận tái bảo hiểm,tang_giam_du_phong_boi_thuong_bao_hiem_goc_va_nhan_tai_bao_hiem,tang_giam_du_phong_boi_thuong_bao_hiem_goc_va_nhan_tai_bao_hiem,8_increase_decrease_in_claim_reserves_for_direct_insurance_and_reinsurance_assumed,id | invert | 8_increase_decrease_in_claim_reserves_for_direct_insurance_and_reinsurance_assumed
income_statement,IS_TOTAL_INSURANCE_CLAIMS_EXPENSES,Tổng chi bồi thường bảo hiểm,tong_chi_boi_thuong_bao_hiem,tong_chi_boi_thuong_bao_hiem,,id | invert | total_claim_insurance_expenses
income_statement,IS_COST_OF_PROPERTIES_INVESTMENT,Giá vốn bất động sản đầu tư,gia_von_bat_dong_san_dau_tu,gia_von_bat_dong_san_dau_tu,16_cost_of_properties_investment,id | invert | 16_cost_of_properties_investment
income_statement,IS_NET_INSURANCE_PREMIUM,Doanh thu phí bảo hiểm thuần,net_insurance_premium,doanh_thu_phi_bao_hiem_thuan,3_net_insurance_premium_03_01_02,3_net_insurance_premium_03_01_02
income_statement,IS_COMMISSION_ON_REINSURANCE_CEDED_AND_OTHER_INSURANCE_INCOME,Hoa hồng nhượng tái bảo hiểm và doanh thu khác HĐKD Bảo hiểm,hoa_hong_nhuong_tai_bao_hiem_va_doanh_thu_khac_hdkd_bao_hiem,hoa_hong_nhuong_tai_bao_hiem_va_doanh_thu_khac_hdkd_bao_hiem,,4_commission_on_reinsurance_ceded_and_other_insurance_income_04_04_1_04_2
income_statement,IS_PROFIT_FROM_PROPERTIES_INVESTMENT,Lợi nhuận từ hoạt động đầu tư bất động sản,loi_nhuan_tu_hoat_dong_dau_tu_bat_dong_san,loi_nhuan_tu_hoat_dong_dau_tu_bat_dong_san,17_profit_from_properties_investment_22_20_21,17_profit_from_properties_investment_22_20_21
income_statement,IS_NET_PROFIT_OTHER_ACTIVITIES,Lãi thuần từ các hoạt động khác,lai_thuan_tu_cac_hoat_dong_khac,lai_thuan_tu_cac_hoat_dong_khac,,17_profit_from_properties_investment_22_20_21
income_statement,IS_SHARE_OF_PROFIT_IN_ASSOCIATES_AND_JOINT_VENTURES,"Phần lợi nhuận từ đầu tư vào công ty liên kết, liên doanh",phan_loi_nhuan_tu_dau_tu_vao_cong_ty_lien_ket_lien_doanh,phan_loi_nhuan_tu_dau_tu_vao_cong_ty_lien_ket_lien_doanh,27_share_of_profitin_associates_and_joint_ventures,"{'id': '27_share_of_profitin_associates_and_joint_ventures', 'votes': 5}"
income_statement,IS_INSURANCE_PREMIUM,Doanh thu từ phí bảo hiểm,doanh_thu_tu_phi_bao_hiem,doanh_thu_tu_phi_bao_hiem,1_insurance_premium_01_01_1_01_2_01_3,1_insurance_premium_01_01_1_01_2_01_3
ratio,RT_CAT_INFO_VALUATION,Định giá & Thông tin Doanh nghiệp,dinh_gia_thong_tin_doanh_nghiep,dinh_gia_thong_tin_doanh_nghiep,,
ratio,RT_CAT_PROFITABILITY,Hiệu quả hoạt động & Sinh lời,hieu_qua_hoat_dong_sinh_loi,hieu_qua_hoat_dong_sinh_loi,,
ratio,RT_CAT_LIQUIDITY_SAFETY,Thanh khoản & An toàn tài chính,thanh_khoan_an_toan_tai_chinh,thanh_khoan_an_toan_tai_chinh,,
ratio,RT_CAT_FINANCIAL_LEVERAGE,Đòn bẩy tài chính,don_bay_tai_chinh,don_bay_tai_chinh,,
ratio,RT_CAT_BANKING_SPECIFICS,Đặc thù ngành Ngân hàng,dac_thu_nganh_ngan_hang,dac_thu_nganh_ngan_hang,,
ratio,RT_VAL_PE,P/E cơ bản,p_e_co_ban,p_e_co_ban,,p_e
ratio,RT_VAL_PB,P/B,p_b,p_b,,p_b
ratio,RT_VAL_PS,P/S,p_s,p_s,,p_s
ratio,RT_VAL_EV_EBITDA,EV/EBITDA,ev_ebitda,ev_ebitda,,ev_ebitda
ratio,RT_VAL_DIV_YIELD,Tỷ suất cổ tức,ty_suat_co_tuc,ty_suat_co_tuc,,dividend_yield
ratio,RT_VAL_MARKET_CAP,Vốn hóa thị trường,von_hoa_thi_truong,von_hoa_thi_truong,,
ratio,RT_VAL_EPS,EPS cơ bản,eps_co_ban,eps_co_ban,,trailing_eps
ratio,RT_VAL_BETA,Hệ số beta,he_so_beta,he_so_beta,,beta
ratio,RT_VAL_BVPS,Giá trị sổ sách/một cổ phiếu,gia_tri_so_sach_mot_co_phieu,gia_tri_so_sach_mot_co_phieu,,book_value_per_share_bvps
ratio,RT_PRT_ROE,ROE %,roe,roe,,
ratio,RT_PRT_ROA,ROA %,roa,roa,,
ratio,RT_PRT_ROIC,ROIC %,roic,roic,,
ratio,RT_PRT_GROSS_MARGIN,Biên lợi nhuận gộp %,bien_loi_nhuan_gop,bien_loi_nhuan_gop,,
ratio,RT_PRT_EBIT_MARGIN,Biên lợi nhuận EBIT %,bien_loi_nhuan_ebit,bien_loi_nhuan_ebit,,
ratio,RT_PRT_PRE_TAX_MARGIN,Biên lợi nhuận trước thuế %,bien_loi_nhuan_truoc_thue,bien_loi_nhuan_truoc_thue,,
ratio,RT_PRT_NET_MARGIN,Biên lợi nhuận ròng %,bien_loi_nhuan_rong,bien_loi_nhuan_rong,,
ratio,RT_LQD_CR,Tỷ suất thanh toán hiện thời,ty_suat_thanh_toan_hien_thoi,ty_suat_thanh_toan_hien_thoi,,
ratio,RT_LQD_QR,Tỷ suất thanh toán nhanh,ty_suat_thanh_toan_nhanh,ty_suat_thanh_toan_nhanh,,
ratio,RT_LQD_CASH_RATIO,Tỷ suất thanh toán tiền mặt,ty_suat_thanh_toan_tien_mat,ty_suat_thanh_toan_tien_mat,,
ratio,RT_LEV_DE,Nợ trên vốn chủ sở hữu,no_tren_von_chu_so_huu,no_tren_von_chu_so_huu,,
ratio,RT_LEV_LOAN_EQUITY,Vay ngắn và dài hạn trên vốn chủ sở hữu,vay_ngan_va_dai_han_tren_von_chu_so_huu,vay_ngan_va_dai_han_tren_von_chu_so_huu,,
ratio,RT_LEV_DA,Nợ trên tổng tài sản,no_tren_tong_tai_san,no_tren_tong_tai_san,,
ratio,RT_LEV_FINANCIAL_LEVERAGE,Đòn bẩy tài chính,don_bay_tai_chinh,don_bay_tai_chinh,,
ratio,RT_EFF_ATR,Vòng quay tài sản,vong_quay_tai_san,vong_quay_tai_san,,
ratio,RT_EFF_FATR,Vòng quay tài sản cố định,vong_quay_tai_san_co_dinh,vong_quay_tai_san_co_dinh,,
ratio,RT_EFF_DSO,Số ngày thu tiền bình quân,so_ngay_thu_tien_binh_quan,so_ngay_thu_tien_binh_quan,,
ratio,RT_EFF_DIO,Số ngày tồn kho bình quân,so_ngay_ton_kho_binh_quan,so_ngay_ton_kho_binh_quan,,
ratio,RT_EFF_DPO,Số ngày thanh toán bình quân,so_ngay_thanh_toan_binh_quan,so_ngay_thanh_toan_binh_quan,,
ratio,RT_EFF_CASH_CYCLE,Chu kỳ tiền,chu_ky_tien,chu_ky_tien,,
ratio,RT_BNK_NIM,Biên lãi thuần,bien_lai_thuan,bien_lai_thuan,,
ratio,RT_BNK_YIEA,Tỷ suất sinh lời tài sản sinh lãi,ty_suat_sinh_loi_tai_san_sinh_lai,ty_suat_sinh_loi_tai_san_sinh_lai,,
ratio,RT_BNK_COF,Chi phí vốn bình quân,chi_phi_von_binh_quan,chi_phi_von_binh_quan,,
ratio,RT_BNK_NOII,Thu nhập ngoài lãi,thu_nhap_ngoai_lai,thu_nhap_ngoai_lai,,
ratio,RT_BNK_CIR,Tỷ lệ chi phí trên thu nhập,ty_le_chi_phi_tren_thu_nhap,ty_le_chi_phi_tren_thu_nhap,,
ratio,RT_BNK_LOAN_GROWTH,Tăng trưởng tín dụng,tang_truong_tin_dung,tang_truong_tin_dung,,
ratio,RT_BNK_DEPOSIT_GROWTH,Tăng trưởng huy động,tang_truong_huy_dong,tang_truong_huy_dong,,
ratio,RT_BNK_LDR,Tỷ lệ cấp tín dụng trên huy động,ty_le_cap_tin_dung_tren_huy_dong,ty_le_cap_tin_dung_tren_huy_dong,,
ratio,RT_BNK_NPL,Tỷ lệ nợ xấu,ty_le_no_xau,ty_le_no_xau,,
ratio,RT_BNK_NPL_COVERAGE,Bao phủ nợ xấu,bao_phu_no_xau,bao_phu_no_xau,,
ratio,RT_BNK_PROVISION_TO_LOANS,Tỷ lệ dự phòng trên dư nợ,ty_le_du_phong_tren_du_no,ty_le_du_phong_tren_du_no,,
ratio,RT_BNK_CAR,Hệ số an toàn vốn,he_so_an_toan_von,he_so_an_toan_von,,
ratio,RT_BNK_CASA,Tỷ lệ tiền gửi không kỳ hạn,ty_le_tien_gui_khong_ky_han,ty_le_tien_gui_khong_ky_han,,
ratio,RT_VAL_EBIT,EBIT,ebit,ebit,,
ratio,RT_VAL_EBITDA,EBITDA,ebitda,ebitda,,
ratio,RT_VAL_EQUITY,Vốn chủ sở hữu,von_chu_so_huu,von_chu_so_huu,,
ratio,RT_VAL_P_CF,P/CF,p_cf,p_cf,,
ratio,RT_VAL_OUTSTANDING_SHARES,Số lượng cổ phiếu lưu hành,so_luong_co_phieu_luu_hanh,so_luong_co_phieu_luu_hanh,,
ratio,RT_AST_CURRENT_DEPOSITS,Tiền gửi không kỳ hạn,tien_gui_khong_ky_han,tien_gui_khong_ky_han,,
ratio,RT_AST_DEPOSITS_SPECIAL,Tiền gửi chuyên dùng,tien_gui_chuyen_dung,tien_gui_chuyen_dung,,
ratio,RT_AST_DEPOSITS_CUSTOMERS,Tiền gửi khách hàng,tien_gui_khach_hang,tien_gui_khach_hang,,
ratio,RT_AST_MARGIN_DEPOSITS,Tiền gửi ký quỹ,tien_gui_ky_quy,tien_gui_ky_quy,,
ratio,RT_LEV_EQUITY_TO_LIABILITIES,Vốn chủ sở hữu / Tổng Nợ,von_chu_so_huu_tong_no,von_chu_so_huu_tong_no,,
ratio,RT_LEV_EQUITY_TO_ASSETS,Vốn chủ sở hữu / Tổng tài sản,von_chu_so_huu_tong_tai_san,von_chu_so_huu_tong_tai_san,,
ratio,RT_BNK_EQUITY_TO_LOANS,Vốn chủ / Dư nợ cho vay,von_chu_du_no_cho_vay,von_chu_du_no_cho_vay,,
ratio,RT_BNK_LLR_TO_LOANS,Dự phòng rủi ro / Dư nợ cho vay,du_phong_rui_ro_du_no_cho_vay,du_phong_rui_ro_du_no_cho_vay,,
